Zensus 9. Mai 2011;;;;;;;;;;;;;;;;;
;;;;;;;;;;;;;;;;;
;;;;;;;;;;;;;;;;;
Wohnungen nach Baujahr (Mikrozensus-Klassen), Fläche der Wohnung (10 m²-Intervalle) und Zahl der Wohnungen im Gebäude für Flensburg, Stadt (Kreisfreie Stadt), Kiel, Landeshauptstadt (Kreisfreie Stadt) und weitere Orte ;;;;;;;;;;;;;;;;;
Auszählungsergebnis aus der Gebäude- und Wohnungszählung;;;;;;;;;;;;;;;;;
;;;010010000000 Flensburg, Stadt (Kreisfreie Stadt);010020000000 Kiel, Landeshauptstadt (Kreisfreie Stadt);010030000000 Lübeck, Hansestadt (Kreisfreie Stadt);010040000000 Neumünster, Stadt (Kreisfreie Stadt);01051 Dithmarschen (Kreis);01053 Herzogtum Lauenburg (Kreis);01054 Nordfriesland (Kreis);01055 Ostholstein (Kreis);01056 Pinneberg (Kreis);01057 Plön (Kreis);01058 Rendsburg-Eckernförde (Kreis);01059 Schleswig-Flensburg (Kreis);01060 Segeberg (Kreis);01061 Steinburg (Kreis);01062 Stormarn (Kreis)
Vor 1919;Unter 30;1 Wohnung;3;3;23;-;6;-;9;3;6;3;3;-;-;6;-
Vor 1919;Unter 30;2 Wohnungen;3;6;(22);-;13;18;(34);23;7;-;19;(9);11;9;4
Vor 1919;Unter 30;3 - 6 Wohnungen;192;119;221;50;98;(48);(111);(50);(69);41;(103);97;38;(83);38
Vor 1919;Unter 30;7 - 12 Wohnungen;(125);632;(123);(52);13;25;37;34;(9);-;(47);(49);6;9;18
Vor 1919;Unter 30;13 und mehr Wohnungen;24;231;(60);6;30;22;25;11;18;39;18;12;-;-;9
Vor 1919;30 - 39;1 Wohnung;6;4;63;3;27;6;(48);19;16;18;(11);19;9;(3);-
Vor 1919;30 - 39;2 Wohnungen;(21);(29);98;6;(44);(30);(86);(99);56;(36);72;(65);29;(40);(38)
Vor 1919;30 - 39;3 - 6 Wohnungen;587;161;739;(114);182;(190);205;202;209;(130);188;(259);103;285;110
Vor 1919;30 - 39;7 - 12 Wohnungen;402;706;420;70;14;45;48;(52);37;(26);55;(60);25;29;7
Vor 1919;30 - 39;13 und mehr Wohnungen;(115);(160);121;69;14;18;-;18;3;-;-;3;-;-;3
Vor 1919;40 - 49;1 Wohnung;24;6;231;7;64;49;94;67;(26);36;(42);58;30;101;21
Vor 1919;40 - 49;2 Wohnungen;(39);23;254;23;117;(106);(231);(158);161;88;(205);216;64;(130);70
Vor 1919;40 - 49;3 - 6 Wohnungen;631;528;1639;347;284;(301);349;399;408;245;490;377;143;507;215
Vor 1919;40 - 49;7 - 12 Wohnungen;644;4710;561;347;(30);(71);(52);87;(76);34;(100);(104);21;(49);59
Vor 1919;40 - 49;13 und mehr Wohnungen;(222);476;(117);20;18;19;-;50;3;15;16;6;3;-;3
Vor 1919;50 - 59;1 Wohnung;12;15;(259);12;154;(83);160;124;(79);67;(96);(150);54;(77);46
Vor 1919;50 - 59;2 Wohnungen;43;48;(271);(60);178;211;(237);245;278;(141);254;314;114;250;125
Vor 1919;50 - 59;3 - 6 Wohnungen;531;694;1929;272;350;374;383;503;492;289;593;456;227;451;(245)
Vor 1919;50 - 59;7 - 12 Wohnungen;886;2562;588;(294);48;58;(90);84;93;16;(113);(66);47;93;50
Vor 1919;50 - 59;13 und mehr Wohnungen;176;492;(172);27;18;24;-;(12);9;21;9;12;24;7;3
Vor 1919;60 - 69;1 Wohnung;38;29;317;16;313;(190);437;256;139;165;333;308;(125);277;(74)
Vor 1919;60 - 69;2 Wohnungen;57;57;328;(62);312;267;287;308;426;204;438;494;(187);293;(217)
Vor 1919;60 - 69;3 - 6 Wohnungen;385;489;1667;245;401;418;409;540;486;294;546;637;288;528;302
Vor 1919;60 - 69;7 - 12 Wohnungen;966;2240;625;(200);28;82;46;(79);103;31;107;100;(30);(89);29
Vor 1919;60 - 69;13 und mehr Wohnungen;151;456;(77);34;3;31;-;(24);-;-;7;9;7;3;3
Vor 1919;70 - 79;1 Wohnung;(29);72;310;(31);462;182;465;362;200;182;370;422;(129);329;(143)
Vor 1919;70 - 79;2 Wohnungen;(31);(51);270;55;(283);262;296;327;428;(245);414;497;217;350;202
Vor 1919;70 - 79;3 - 6 Wohnungen;(281);354;1161;148;(276);324;285;419;456;300;493;510;238;422;242
Vor 1919;70 - 79;7 - 12 Wohnungen;652;2063;348;131;25;55;44;65;55;31;103;76;(37);(77);28
Vor 1919;70 - 79;13 und mehr Wohnungen;(101);360;(50);20;6;25;-;19;4;3;6;13;-;3;3
Vor 1919;80 - 89;1 Wohnung;61;(86);398;70;710;312;765;496;361;(287);597;730;(285);552;217
Vor 1919;80 - 89;2 Wohnungen;38;55;278;(61);274;292;331;360;429;251;471;669;225;365;239
Vor 1919;80 - 89;3 - 6 Wohnungen;216;362;1034;178;235;(292);277;391;464;224;434;437;(192);346;213
Vor 1919;80 - 89;7 - 12 Wohnungen;475;1109;(123);99;9;(51);32;30;51;34;73;(33);16;(51);25
Vor 1919;80 - 89;13 und mehr Wohnungen;80;269;32;10;-;46;-;3;-;-;8;3;6;-;-
Vor 1919;90 - 99;1 Wohnung;63;77;382;76;594;347;675;423;379;278;537;721;221;536;174
Vor 1919;90 - 99;2 Wohnungen;(42);48;175;73;210;(225);251;239;323;(147);319;485;193;227;(204)
Vor 1919;90 - 99;3 - 6 Wohnungen;176;339;626;126;(142);226;141;223;262;159;319;(290);161;249;180
Vor 1919;90 - 99;7 - 12 Wohnungen;(292);867;(119);64;15;18;19;(16);20;17;46;24;(39);(13);19
Vor 1919;90 - 99;13 und mehr Wohnungen;35;(94);(23);-;3;3;-;6;3;3;-;-;7;3;-
Vor 1919;100 - 109;1 Wohnung;69;(88);344;90;788;398;843;414;494;320;753;964;332;644;310
Vor 1919;100 - 109;2 Wohnungen;(39);(81);149;37;294;195;297;288;300;178;403;514;192;270;205
Vor 1919;100 - 109;3 - 6 Wohnungen;(149);263;521;101;(102);(183);(133);256;(234);(118);312;289;(162);182;(160)
Vor 1919;100 - 109;7 - 12 Wohnungen;200;535;77;30;6;13;16;21;34;12;36;16;15;10;(3)
Vor 1919;100 - 109;13 und mehr Wohnungen;(19);(53);18;3;-;6;-;20;-;-;3;-;3;-;-
Vor 1919;110 - 119;1 Wohnung;42;(61);209;57;388;(283);438;229;306;207;395;466;204;382;(191)
Vor 1919;110 - 119;2 Wohnungen;15;18;(72);21;(117);99;138;131;(163);72;(158);297;(79);116;(87)
Vor 1919;110 - 119;3 - 6 Wohnungen;75;167;288;(53);(81);(62);(92);118;126;(63);130;(142);(91);(87);(60)
Vor 1919;110 - 119;7 - 12 Wohnungen;(98);232;28;9;-;7;13;14;(3);6;9;19;6;6;3
Vor 1919;110 - 119;13 und mehr Wohnungen;12;40;10;-;-;6;-;-;-;-;6;-;-;-;-
Vor 1919;120 - 129;1 Wohnung;71;(81);318;(57);871;484;916;628;490;357;802;1113;385;752;335
Vor 1919;120 - 129;2 Wohnungen;28;(38);111;29;(182);(208);204;185;247;167;343;562;(160);244;(144)
Vor 1919;120 - 129;3 - 6 Wohnungen;85;(134);222;42;98;(144);63;(127);127;110;(207);208;122;110;(120)
Vor 1919;120 - 129;7 - 12 Wohnungen;60;(173);31;6;3;12;-;15;12;6;7;10;4;9;4
Vor 1919;120 - 129;13 und mehr Wohnungen;6;28;-;4;-;-;-;-;-;-;-;-;22;-;-
Vor 1919;130 - 139;1 Wohnung;41;33;124;(47);329;217;318;255;(204);128;331;395;229;353;(182)
Vor 1919;130 - 139;2 Wohnungen;(9);(10);45;-;(87);88;74;(86);(112);(45);122;(162);(76);65;63
Vor 1919;130 - 139;3 - 6 Wohnungen;(43);73;(148);(24);24;55;(34);49;55;37;(78);(103);35;53;37
Vor 1919;130 - 139;7 - 12 Wohnungen;49;109;22;10;-;6;-;3;3;-;4;-;3;16;3
Vor 1919;130 - 139;13 und mehr Wohnungen;15;24;3;-;-;-;-;-;-;4;-;-;-;-;-
Vor 1919;140 - 149;1 Wohnung;51;42;(98);(38);390;(208);385;308;209;136;373;437;193;300;(210)
Vor 1919;140 - 149;2 Wohnungen;12;9;98;6;61;(86);91;(83);102;(34);102;220;(54);(74);(68)
Vor 1919;140 - 149;3 - 6 Wohnungen;(45);73;118;13;17;55;(38);54;56;44;(48);(81);(46);30;(25)
Vor 1919;140 - 149;7 - 12 Wohnungen;34;(73);12;3;-;-;-;-;9;3;-;6;3;12;-
Vor 1919;140 - 149;13 und mehr Wohnungen;3;12;3;-;-;-;-;-;-;3;-;-;-;-;-
Vor 1919;150 - 159;1 Wohnung;34;36;(130);27;417;214;333;178;262;126;408;423;232;310;159
Vor 1919;150 - 159;2 Wohnungen;12;10;33;7;(77);(79);98;64;(49);(81);124;(236);(53);(74);(84)
Vor 1919;150 - 159;3 - 6 Wohnungen;30;(58);82;3;19;48;25;(35);19;34;(87);67;26;21;27
Vor 1919;150 - 159;7 - 12 Wohnungen;26;(77);-;3;4;3;3;-;-;-;3;-;3;-;-
Vor 1919;150 - 159;13 und mehr Wohnungen;-;10;-;-;-;3;-;-;-;-;-;-;-;-;-
Vor 1919;160 - 169;1 Wohnung;32;28;85;17;227;175;260;151;156;(117);291;324;148;219;130
Vor 1919;160 - 169;2 Wohnungen;10;(20);32;12;47;60;56;49;(41);(31);(66);158;39;34;(19)
Vor 1919;160 - 169;3 - 6 Wohnungen;6;36;(40);6;22;(17);21;24;35;17;(50);(59);22;(33);24
Vor 1919;160 - 169;7 - 12 Wohnungen;3;(27);9;-;3;-;(10);-;-;-;-;-;-;-;3
Vor 1919;160 - 169;13 und mehr Wohnungen;-;6;7;-;-;-;-;-;-;-;-;-;-;-;-
Vor 1919;170 - 179;1 Wohnung;14;6;48;10;(153);(76);(73);68;(83);(50);112;143;42;125;(53)
Vor 1919;170 - 179;2 Wohnungen;6;9;15;3;23;30;13;20;25;15;32;59;20;18;(27)
Vor 1919;170 - 179;3 - 6 Wohnungen;13;26;(34);-;-;(6);7;11;9;6;19;18;12;6;15
Vor 1919;170 - 179;7 - 12 Wohnungen;-;23;3;-;-;3;-;-;-;-;-;3;-;-;-
Vor 1919;170 - 179;13 und mehr Wohnungen;-;4;-;-;-;-;-;-;-;-;-;-;-;-;-
Vor 1919;180 und mehr;1 Wohnung;121;(122);(330);(67);943;717;926;787;520;417;1040;1198;498;706;532
Vor 1919;180 und mehr;2 Wohnungen;(23);(32);119;25;(207);(168);(197);(177);(118);(115);268;521;163;169;113
Vor 1919;180 und mehr;3 - 6 Wohnungen;(62);(97);(99);12;(88);(111);(66);(118);(60);71;101;156;68;63;(44)
Vor 1919;180 und mehr;7 - 12 Wohnungen;9;78;9;3;3;13;-;14;6;3;12;6;-;4;3
Vor 1919;180 und mehr;13 und mehr Wohnungen;-;12;4;-;-;-;-;15;-;-;-;-;-;-;-
1919 - 1948;Unter 30;1 Wohnung;3;-;13;-;-;-;7;-;15;-;3;-;3;-;3
1919 - 1948;Unter 30;2 Wohnungen;-;7;19;4;12;13;8;13;-;3;10;3;3;3;15
1919 - 1948;Unter 30;3 - 6 Wohnungen;20;(71);62;17;31;6;70;41;47;9;(32);18;39;27;41
1919 - 1948;Unter 30;7 - 12 Wohnungen;13;139;(38);(25);13;-;10;24;14;-;18;9;3;10;11
1919 - 1948;Unter 30;13 und mehr Wohnungen;3;226;51;(62);-;-;23;26;-;-;3;-;-;6;3
1919 - 1948;30 - 39;1 Wohnung;4;6;85;7;15;16;19;19;(7);6;16;(15);11;10;7
1919 - 1948;30 - 39;2 Wohnungen;10;46;(65);13;24;35;(61);29;39;(27);62;(17);29;12;(29)
1919 - 1948;30 - 39;3 - 6 Wohnungen;(164);639;285;64;(108);65;167;104;186;37;(102);74;(92);80;55
1919 - 1948;30 - 39;7 - 12 Wohnungen;93;494;293;(140);22;9;25;38;52;16;37;25;23;9;7
1919 - 1948;30 - 39;13 und mehr Wohnungen;20;129;(22);12;6;6;6;7;6;-;-;18;4;28;3
1919 - 1948;40 - 49;1 Wohnung;6;147;(67);6;44;(44);(55);46;48;31;47;24;42;15;(9)
1919 - 1948;40 - 49;2 Wohnungen;36;104;148;47;86;81;(113);(79);(125);53;(153);(94);56;(48);(78)
1919 - 1948;40 - 49;3 - 6 Wohnungen;406;2631;968;261;137;201;203;(207);311;121;410;180;(137);(180);(149)
1919 - 1948;40 - 49;7 - 12 Wohnungen;252;2329;1095;484;6;68;16;(57);(90);18;76;(21);(41);30;12
1919 - 1948;40 - 49;13 und mehr Wohnungen;21;329;52;17;3;30;32;28;9;6;-;3;7;18;6
1919 - 1948;50 - 59;1 Wohnung;(41);695;(171);(73);(112);(98);(96);117;(113);65;191;64;59;(71);57
1919 - 1948;50 - 59;2 Wohnungen;14;105;(244);(59);107;(114);(154);119;191;80;255;(155);(106);92;(119)
1919 - 1948;50 - 59;3 - 6 Wohnungen;(307);2522;1279;(372);231;279;235;251;434;127;442;234;(220);342;170
1919 - 1948;50 - 59;7 - 12 Wohnungen;321;1802;835;520;28;45;38;52;95;(13);56;63;(22);(55);15
1919 - 1948;50 - 59;13 und mehr Wohnungen;40;299;63;(51);-;10;59;93;4;3;13;7;18;-;9
1919 - 1948;60 - 69;1 Wohnung;44;240;280;(131);205;(191);(291);298;(208);144;316;126;(150);180;(159)
1919 - 1948;60 - 69;2 Wohnungen;(41);(157);(246);93;124;(180);163;212;(319);118;329;208;(124);(119);(114)
1919 - 1948;60 - 69;3 - 6 Wohnungen;217;1017;810;164;144;223;289;(277);376;(169);439;317;(219);259;(124)
1919 - 1948;60 - 69;7 - 12 Wohnungen;329;1098;509;256;6;62;18;(70);(91);30;71;47;24;40;(19)
1919 - 1948;60 - 69;13 und mehr Wohnungen;25;224;(65);24;3;27;(3);40;12;3;-;6;3;-;24
1919 - 1948;70 - 79;1 Wohnung;(114);546;406;256;301;244;(307);(388);331;296;529;267;179;217;253
1919 - 1948;70 - 79;2 Wohnungen;31;128;(240);(95);169;165;(202);220;(269);(125);(265);(178);181;(130);161
1919 - 1948;70 - 79;3 - 6 Wohnungen;(86);362;(345);(164);133;(174);195;200;(241);(113);350;(257);(145);(165);(165)
1919 - 1948;70 - 79;7 - 12 Wohnungen;(254);784;323;172;6;19;24;29;(47);24;(75);28;(33);(16);(15)
1919 - 1948;70 - 79;13 und mehr Wohnungen;18;(117);77;13;9;-;6;-;9;6;-;-;15;3;9
1919 - 1948;80 - 89;1 Wohnung;(130);730;628;234;565;420;574;462;503;393;763;388;336;323;373
1919 - 1948;80 - 89;2 Wohnungen;(16);(137);185;(56);(169);143;(197);234;(311);(113);(275);236;210;129;(204)
1919 - 1948;80 - 89;3 - 6 Wohnungen;(65);253;295;(87);129;(91);(144);(125);212;99;267;(141);(127);(139);(124)
1919 - 1948;80 - 89;7 - 12 Wohnungen;(137);492;113;69;6;(32);3;(9);30;6;43;(29);(16);3;(24)
1919 - 1948;80 - 89;13 und mehr Wohnungen;3;87;6;3;-;6;9;-;-;3;6;3;-;-;3
1919 - 1948;90 - 99;1 Wohnung;150;652;577;(250);502;426;512;476;596;286;676;500;343;333;439
1919 - 1948;90 - 99;2 Wohnungen;(48);125;(164);61;137;(117);116;(129);197;(115);218;(166);134;(137);125
1919 - 1948;90 - 99;3 - 6 Wohnungen;37;227;(111);66;(99);95;(113);(105);122;57;(198);(139);(131);(81);(82)
1919 - 1948;90 - 99;7 - 12 Wohnungen;(45);282;60;27;3;16;-;18;(12);10;37;14;7;6;-
1919 - 1948;90 - 99;13 und mehr Wohnungen;7;44;10;3;3;-;-;3;3;-;-;-;3;-;3
1919 - 1948;100 - 109;1 Wohnung;178;620;814;(300);561;423;618;502;575;344;719;476;393;443;495
1919 - 1948;100 - 109;2 Wohnungen;21;112;(141);36;(135);(120);(138);137;(167);(78);(244);157;(141);89;(111)
1919 - 1948;100 - 109;3 - 6 Wohnungen;(47);166;115;(19);(72);59;(88);(88);136;(50);(154);(100);(79);74;(88)
1919 - 1948;100 - 109;7 - 12 Wohnungen;29;(141);(44);13;-;3;-;9;15;21;12;3;3;7;(12)
1919 - 1948;100 - 109;13 und mehr Wohnungen;-;(54);3;-;-;-;-;-;-;-;-;-;3;-;-
1919 - 1948;110 - 119;1 Wohnung;112;345;441;(148);377;252;354;231;373;(174);427;(282);282;255;316
1919 - 1948;110 - 119;2 Wohnungen;15;(31);60;(23);45;66;(39);(87);(60);50;(119);(80);(72);53;(86)
1919 - 1948;110 - 119;3 - 6 Wohnungen;32;88;54;13;(18);(59);(40);48;(48);37;(91);37;(29);31;54
1919 - 1948;110 - 119;7 - 12 Wohnungen;15;(78);-;7;-;3;6;3;7;6;6;11;3;6;3
1919 - 1948;110 - 119;13 und mehr Wohnungen;3;32;3;6;-;-;3;-;6;-;-;-;-;-;-
1919 - 1948;120 - 129;1 Wohnung;166;531;601;238;604;428;623;511;558;330;754;610;412;468;497
1919 - 1948;120 - 129;2 Wohnungen;(13);76;(63);36;92;101;(126);(99);(125);(74);173;138;(127);96;96
1919 - 1948;120 - 129;3 - 6 Wohnungen;10;52;(37);7;63;67;35;(78);57;(53);(118);78;(40);30;38
1919 - 1948;120 - 129;7 - 12 Wohnungen;3;53;6;-;11;-;-;13;3;-;6;7;-;-;3
1919 - 1948;120 - 129;13 und mehr Wohnungen;-;16;6;3;-;-;-;-;-;-;-;-;-;-;-
1919 - 1948;130 - 139;1 Wohnung;(74);212;286;(100);253;217;266;257;276;(110);286;206;195;163;197
1919 - 1948;130 - 139;2 Wohnungen;9;(45);30;11;28;36;44;(35);37;21;69;60;57;29;34
1919 - 1948;130 - 139;3 - 6 Wohnungen;(32);35;12;16;20;37;(14);(41);9;(3);31;(18);23;23;(14)
1919 - 1948;130 - 139;7 - 12 Wohnungen;6;36;11;-;3;-;-;-;-;-;-;3;-;-;-
1919 - 1948;130 - 139;13 und mehr Wohnungen;-;6;3;-;-;-;-;-;-;-;-;-;-;-;-
1919 - 1948;140 - 149;1 Wohnung;(102);159;(214);(75);(247);215;(257);184;(214);123;297;(186);170;159;224
1919 - 1948;140 - 149;2 Wohnungen;-;(28);47;(3);(35);(39);49;(31);(38);19;(68);58;57;12;(42)
1919 - 1948;140 - 149;3 - 6 Wohnungen;-;14;6;9;6;(21);6;(27);19;(26);(19);(33);24;6;19
1919 - 1948;140 - 149;7 - 12 Wohnungen;-;16;-;-;-;3;-;-;-;-;6;-;-;-;-
1919 - 1948;140 - 149;13 und mehr Wohnungen;-;-;-;-;-;-;-;-;-;-;-;-;-;-;-
1919 - 1948;150 - 159;1 Wohnung;49;125;(145);(71);(207);(147);(138);120;(152);116;207;(207);163;130;210
1919 - 1948;150 - 159;2 Wohnungen;6;(6);(3);-;39;36;(22);36;(37);21;49;49;25;23;(53)
1919 - 1948;150 - 159;3 - 6 Wohnungen;3;9;(22);6;9;(6);13;4;16;11;(30);16;15;-;18
1919 - 1948;150 - 159;7 - 12 Wohnungen;-;(22);-;3;-;-;-;-;-;-;3;3;-;-;-
1919 - 1948;150 - 159;13 und mehr Wohnungen;-;-;-;-;-;-;-;-;-;-;3;-;-;-;-
1919 - 1948;160 - 169;1 Wohnung;34;90;89;(40);(149);88;102;124;(92);81;177;111;99;80;104
1919 - 1948;160 - 169;2 Wohnungen;-;-;(23);9;9;(16);21;28;12;17;35;37;28;25;22
1919 - 1948;160 - 169;3 - 6 Wohnungen;6;3;10;3;13;6;15;12;9;4;25;(3);6;6;15
1919 - 1948;160 - 169;7 - 12 Wohnungen;3;(10);-;-;-;3;-;-;-;-;-;-;-;-;-
1919 - 1948;160 - 169;13 und mehr Wohnungen;-;-;-;-;-;-;-;-;-;-;-;-;-;-;-
1919 - 1948;170 - 179;1 Wohnung;(13);46;(32);23;(51);57;56;31;(64);(37);81;44;(51);(38);71
1919 - 1948;170 - 179;2 Wohnungen;3;13;6;-;13;(6);19;15;6;6;22;9;9;9;9
1919 - 1948;170 - 179;3 - 6 Wohnungen;-;6;-;-;-;3;10;-;3;4;9;3;-;-;3
1919 - 1948;170 - 179;7 - 12 Wohnungen;-;3;-;-;-;-;-;-;-;-;6;-;-;-;-
1919 - 1948;170 - 179;13 und mehr Wohnungen;-;-;-;-;-;-;-;-;-;-;-;-;-;-;-
1919 - 1948;180 und mehr;1 Wohnung;88;198;191;(101);409;275;353;276;274;195;482;(301);251;213;314
1919 - 1948;180 und mehr;2 Wohnungen;17;28;(24);(19);(30);(89);64;(75);(36);(69);(80);(144);61;50;50
1919 - 1948;180 und mehr;3 - 6 Wohnungen;-;(3);(25);6;22;(15);24;(20);(31);(18);44;32;(21);21;(51)
1919 - 1948;180 und mehr;7 - 12 Wohnungen;-;43;-;-;3;13;-;13;3;-;7;-;9;-;-
1919 - 1948;180 und mehr;13 und mehr Wohnungen;-;3;-;-;-;-;-;-;-;-;-;-;-;-;-
1949 - 1978;Unter 30;1 Wohnung;3;7;13;3;18;(18);25;(57);19;23;31;3;6;6;19
1949 - 1978;Unter 30;2 Wohnungen;4;34;(6);9;37;18;61;(63);57;41;43;(30);39;6;22
1949 - 1978;Unter 30;3 - 6 Wohnungen;(110);196;(187);124;(94);(156);375;248;(153);93;(207);(127);200;121;140
1949 - 1978;Unter 30;7 - 12 Wohnungen;110;616;424;(132);(94);(122);221;388;493;(117);228;(74);256;135;216
1949 - 1978;Unter 30;13 und mehr Wohnungen;120;1607;636;139;35;54;325;304;474;110;199;17;101;(96);(228)
1949 - 1978;30 - 39;1 Wohnung;6;(3);80;7;94;56;141;105;79;37;(113);27;(47);(61);9
1949 - 1978;30 - 39;2 Wohnungen;40;63;92;(12);(98);85;210;(156);183;(93);154;175;(102);49;(113)
1949 - 1978;30 - 39;3 - 6 Wohnungen;387;542;1014;434;304;550;639;825;653;210;696;353;537;433;511
1949 - 1978;30 - 39;7 - 12 Wohnungen;507;1670;1955;612;355;592;472;1061;1485;281;810;275;1061;478;670
1949 - 1978;30 - 39;13 und mehr Wohnungen;323;2213;2396;158;(151);253;661;1082;1576;340;329;280;1037;273;868
1949 - 1978;40 - 49;1 Wohnung;16;(37);82;46;369;172;317;367;211;151;(248);170;123;108;98
1949 - 1978;40 - 49;2 Wohnungen;(96);174;201;(121);221;338;442;434;381;(182);389;289;229;184;252
1949 - 1978;40 - 49;3 - 6 Wohnungen;761;1479;1477;651;566;1017;1076;1604;1496;524;1202;636;840;639;918
1949 - 1978;40 - 49;7 - 12 Wohnungen;1053;3580;2880;781;370;795;441;1388;1758;572;941;366;1026;415;927
1949 - 1978;40 - 49;13 und mehr Wohnungen;602;2732;1938;244;274;363;814;2070;1629;522;654;304;1130;(217);635
1949 - 1978;50 - 59;1 Wohnung;34;215;239;(105);447;356;612;617;326;287;457;355;181;178;175
1949 - 1978;50 - 59;2 Wohnungen;(104);199;317;(115);(375);468;488;529;471;336;662;381;449;(274);425
1949 - 1978;50 - 59;3 - 6 Wohnungen;1241;1961;2166;1038;946;1609;1489;2086;2369;1025;2069;897;2096;1315;1589
1949 - 1978;50 - 59;7 - 12 Wohnungen;1092;4484;4460;804;308;1293;418;1490;2746;549;1116;478;1344;548;1223
1949 - 1978;50 - 59;13 und mehr Wohnungen;780;2446;2211;404;156;640;597;1603;1819;467;445;319;1108;272;929
1949 - 1978;60 - 69;1 Wohnung;99;576;784;232;810;731;781;1188;809;624;1202;706;737;535;580
1949 - 1978;60 - 69;2 Wohnungen;150;223;490;155;380;674;568;814;661;407;852;512;695;395;599
1949 - 1978;60 - 69;3 - 6 Wohnungen;2320;2224;2917;1731;897;1933;1714;2838;3209;1134;2598;1794;2531;1995;2614
1949 - 1978;60 - 69;7 - 12 Wohnungen;1195;5802;4407;1172;233;1145;335;1357;4251;643;1229;523;1919;569;1663
1949 - 1978;60 - 69;13 und mehr Wohnungen;456;3327;2055;451;91;518;459;908;2059;525;460;307;1507;317;877
1949 - 1978;70 - 79;1 Wohnung;254;683;1340;664;1247;969;1208;1686;1559;922;1449;892;1158;878;947
1949 - 1978;70 - 79;2 Wohnungen;121;250;395;193;321;604;623;734;711;450;802;514;665;333;707
1949 - 1978;70 - 79;3 - 6 Wohnungen;1299;1659;1286;1119;638;1297;1196;1494;2727;883;2219;1257;2010;1233;1966
1949 - 1978;70 - 79;7 - 12 Wohnungen;1059;3971;2300;717;(265);708;259;678;2197;346;1168;458;1990;390;1579
1949 - 1978;70 - 79;13 und mehr Wohnungen;538;2817;1586;237;132;629;375;664;1652;561;798;322;1321;(154);956
1949 - 1978;80 - 89;1 Wohnung;392;1001;1390;943;2052;1590;1771;2153;2703;1423;2985;1551;2302;1393;1620
1949 - 1978;80 - 89;2 Wohnungen;75;205;381;169;(313);575;585;707;731;496;893;630;802;364;737
1949 - 1978;80 - 89;3 - 6 Wohnungen;667;738;674;429;404;709;730;1117;1431;450;1314;726;973;605;1091
1949 - 1978;80 - 89;7 - 12 Wohnungen;474;1675;861;(312);115;432;131;338;1210;127;685;280;960;(170);746
1949 - 1978;80 - 89;13 und mehr Wohnungen;342;1225;633;99;(108);(162);(158);506;1095;186;420;(270);759;(75);577
1949 - 1978;90 - 99;1 Wohnung;490;1038;1330;1285;2247;2250;2149;2237;3088;1760;3048;2171;2760;1707;2331
1949 - 1978;90 - 99;2 Wohnungen;(64);(180);(272);(111);319;518;392;610;593;419;697;451;590;311;644
1949 - 1978;90 - 99;3 - 6 Wohnungen;194;479;(256);(199);(166);263;308;397;658;181;471;390;392;197;587
1949 - 1978;90 - 99;7 - 12 Wohnungen;(239);680;278;(133);(55);126;(58);186;495;82;230;(69);428;(54);478
1949 - 1978;90 - 99;13 und mehr Wohnungen;192;658;(139);(40);70;92;111;207;467;228;153;82;264;68;307
1949 - 1978;100 - 109;1 Wohnung;588;1169;1576;997;2373;2240;2395;2434;3342;1748;3525;2391;3492;2062;2562
1949 - 1978;100 - 109;2 Wohnungen;(58);167;258;(97);308;452;429;577;551;422;777;509;585;265;639
1949 - 1978;100 - 109;3 - 6 Wohnungen;(94);203;185;91;(145);(266);256;(305);(277);(154);327;181;262;(133);296
1949 - 1978;100 - 109;7 - 12 Wohnungen;99;295;94;62;9;(82);29;115;(129);22;(81);(39);91;26;173
1949 - 1978;100 - 109;13 und mehr Wohnungen;43;379;(85);(52);15;(30);22;60;152;103;44;21;81;6;165
1949 - 1978;110 - 119;1 Wohnung;496;742;1062;621;1626;1630;1729;1826;2689;1237;2614;1614;2634;1301;2036
1949 - 1978;110 - 119;2 Wohnungen;35;101;(136);47;(98);(274);221;294;304;(151);365;264;314;116;327
1949 - 1978;110 - 119;3 - 6 Wohnungen;(17);116;(54);50;45;89;(73);(141);165;79;99;109;113;(60);163
1949 - 1978;110 - 119;7 - 12 Wohnungen;17;109;34;22;9;(12);13;89;105;3;21;15;61;(10);56
1949 - 1978;110 - 119;13 und mehr Wohnungen;26;(23);36;15;-;12;30;121;43;28;49;3;54;13;23
1949 - 1978;120 - 129;1 Wohnung;620;1133;1533;842;2275;2327;2902;2911;3876;1955;4031;2995;3631;1965;3213
1949 - 1978;120 - 129;2 Wohnungen;28;150;(119);76;201;333;327;394;387;299;599;384;420;186;399
1949 - 1978;120 - 129;3 - 6 Wohnungen;(38);83;62;(13);(92);(107);124;172;(147);(68);160;(100);107;(44);140
1949 - 1978;120 - 129;7 - 12 Wohnungen;6;(80);15;12;-;18;9;51;(58);6;19;(15);16;6;15
1949 - 1978;120 - 129;13 und mehr Wohnungen;(6);87;15;-;100;-;25;98;26;12;6;-;32;3;13
1949 - 1978;130 - 139;1 Wohnung;274;437;711;395;960;1138;1214;1168;1991;892;1916;1290;1726;921;1589
1949 - 1978;130 - 139;2 Wohnungen;23;41;(101);26;(69);118;(117);145;(146);(99);(255);154;175;69;178
1949 - 1978;130 - 139;3 - 6 Wohnungen;25;(44);32;19;31;56;(73);56;(66);38;76;(35);76;(34);(44)
1949 - 1978;130 - 139;7 - 12 Wohnungen;13;(34);(4);6;4;9;-;9;31;6;15;10;(11);-;16
1949 - 1978;130 - 139;13 und mehr Wohnungen;3;22;6;-;-;10;12;-;(16);3;-;-;44;-;(47)
1949 - 1978;140 - 149;1 Wohnung;273;433;601;291;986;1157;1241;1158;1700;899;1795;1245;1534;863;1685
1949 - 1978;140 - 149;2 Wohnungen;10;43;(73);(36);(68);(101);120;(120);141;(94);(140);142;(142);53;144
1949 - 1978;140 - 149;3 - 6 Wohnungen;12;40;35;16;(13);27;(28);(110);(31);27;(48);30;61;25;(41)
1949 - 1978;140 - 149;7 - 12 Wohnungen;7;21;6;6;4;10;10;3;4;4;4;-;7;3;19
1949 - 1978;140 - 149;13 und mehr Wohnungen;6;9;6;-;-;-;6;33;9;-;-;6;23;-;3
1949 - 1978;150 - 159;1 Wohnung;241;317;451;257;700;828;821;939;1449;677;1453;963;1358;556;1250
1949 - 1978;150 - 159;2 Wohnungen;16;34;49;15;(73);(91);97;(115);(115);76;146;106;127;42;123
1949 - 1978;150 - 159;3 - 6 Wohnungen;(3);28;12;-;9;(34);42;48;(34);24;36;(18);32;(31);34
1949 - 1978;150 - 159;7 - 12 Wohnungen;3;11;3;4;9;18;-;6;3;-;-;-;-;-;3
1949 - 1978;150 - 159;13 und mehr Wohnungen;-;3;4;-;-;12;29;36;40;7;3;16;12;-;-
1949 - 1978;160 - 169;1 Wohnung;(150);208;284;163;455;572;672;538;890;501;1179;723;903;368;880
1949 - 1978;160 - 169;2 Wohnungen;9;20;37;3;(36);86;65;61;67;(66);101;110;75;36;79
1949 - 1978;160 - 169;3 - 6 Wohnungen;7;13;12;6;11;18;20;(28);(25);13;(29);18;19;3;28
1949 - 1978;160 - 169;7 - 12 Wohnungen;3;10;3;-;4;3;-;-;3;-;-;3;3;-;6
1949 - 1978;160 - 169;13 und mehr Wohnungen;3;6;-;-;10;3;-;9;12;-;-;-;3;-;-
1949 - 1978;170 - 179;1 Wohnung;(69);110;122;(88);310;340;258;276;408;(227);521;306;441;(152);386
1949 - 1978;170 - 179;2 Wohnungen;3;11;(10);-;25;(34);(33);34;36;38;(34);51;(43);(37);(58)
1949 - 1978;170 - 179;3 - 6 Wohnungen;-;16;9;(11);(17);10;10;18;10;30;18;(28);9;12;(6)
1949 - 1978;170 - 179;7 - 12 Wohnungen;-;30;6;3;-;-;-;6;3;3;(46);-;3;6;3
1949 - 1978;170 - 179;13 und mehr Wohnungen;(18);60;6;9;-;-;-;-;-;-;-;-;-;-;28
1949 - 1978;180 und mehr;1 Wohnung;355;481;539;344;956;1312;1179;1193;1625;854;1805;1487;1754;759;1648
1949 - 1978;180 und mehr;2 Wohnungen;26;(71);72;22;96;186;171;(241);192;(118);217;235;206;(75);(225)
1949 - 1978;180 und mehr;3 - 6 Wohnungen;18;(56);28;19;47;37;55;(47);49;57;(86);(70);(48);(28);51
1949 - 1978;180 und mehr;7 - 12 Wohnungen;-;42;14;-;3;6;3;9;14;3;3;15;-;-;3
1949 - 1978;180 und mehr;13 und mehr Wohnungen;15;45;3;6;28;9;6;55;37;-;3;6;6;-;6
1979 - 1986;Unter 30;1 Wohnung;4;4;6;3;3;3;3;3;3;-;9;3;-;-;-
1979 - 1986;Unter 30;2 Wohnungen;-;6;3;-;7;3;(12);12;4;10;15;-;(15);-;-
1979 - 1986;Unter 30;3 - 6 Wohnungen;-;6;7;4;28;(13);(86);63;(37);4;13;6;26;12;19
1979 - 1986;Unter 30;7 - 12 Wohnungen;15;3;23;9;19;-;40;23;13;6;13;3;10;6;6
1979 - 1986;Unter 30;13 und mehr Wohnungen;12;244;9;43;3;9;6;22;3;-;74;3;33;4;3
1979 - 1986;30 - 39;1 Wohnung;-;-;(75);-;21;-;16;10;-;8;6;9;4;6;-
1979 - 1986;30 - 39;2 Wohnungen;6;10;12;4;37;13;76;47;32;15;30;17;13;6;(43)
1979 - 1986;30 - 39;3 - 6 Wohnungen;38;31;(30);10;(62);(63);165;108;(49);29;(55);36;48;22;47
1979 - 1986;30 - 39;7 - 12 Wohnungen;28;42;240;(22);33;27;(50);(90);93;76;17;3;(82);(7);49
1979 - 1986;30 - 39;13 und mehr Wohnungen;54;62;116;22;24;36;50;115;(53);3;38;-;70;-;152
1979 - 1986;40 - 49;1 Wohnung;-;6;25;3;91;22;55;40;13;30;56;(43);16;15;18
1979 - 1986;40 - 49;2 Wohnungen;3;17;16;8;52;63;(121);85;45;43;83;(41);(45);24;(56)
1979 - 1986;40 - 49;3 - 6 Wohnungen;50;64;(133);(32);124;129;302;209;(147);83;123;63;90;83;(124)
1979 - 1986;40 - 49;7 - 12 Wohnungen;(106);170;(133);69;89;(104);(165);194;(180);(61);102;(65);(194);(74);145
1979 - 1986;40 - 49;13 und mehr Wohnungen;(233);309;308;128;48;75;84;284;143;20;(120);43;41;41;(162)
1979 - 1986;50 - 59;1 Wohnung;6;3;16;9;85;(75);205;111;(26);(105);(137);111;45;12;(12)
1979 - 1986;50 - 59;2 Wohnungen;16;(38);40;17;(77);(56);(152);(143);73;(75);(130);98;106;47;93
1979 - 1986;50 - 59;3 - 6 Wohnungen;(78);(197);126;(41);(208);186;371;(347);(163);(139);233;(107);184;(160);(157)
1979 - 1986;50 - 59;7 - 12 Wohnungen;(199);450;351;114;(125);222;(114);383;270;96;147;(82);300;(50);258
1979 - 1986;50 - 59;13 und mehr Wohnungen;211;364;(256);(90);27;88;(124);464;326;(21);130;136;138;19;(208)
1979 - 1986;60 - 69;1 Wohnung;4;9;32;21;(127);68;(159);158;55;127;(181);(136);(102);61;33
1979 - 1986;60 - 69;2 Wohnungen;(15);44;36;(16);96;127;(158);(211);(147);114;(210);109;(153);(61);138
1979 - 1986;60 - 69;3 - 6 Wohnungen;61;162;172;(71);(116);232;(389);399;326;(183);239;122;229;153;262
1979 - 1986;60 - 69;7 - 12 Wohnungen;(210);395;(260);119;60;298;102;314;362;(99);146;88;370;(74);(333)
1979 - 1986;60 - 69;13 und mehr Wohnungen;(189);340;(179);(96);(45);43;77;207;(162);-;98;(26);109;9;(155)
1979 - 1986;70 - 79;1 Wohnung;19;(28);(56);11;120;76;164;180;83;70;(136);141;84;59;81
1979 - 1986;70 - 79;2 Wohnungen;13;47;(22);36;(77);120;(188);231;154;(107);192;(115);157;(76);(149)
1979 - 1986;70 - 79;3 - 6 Wohnungen;(116);237;125;(102);(96);256;238;359;419;153;322;(129);297;(129);303
1979 - 1986;70 - 79;7 - 12 Wohnungen;137;618;(220);171;43;218;89;254;401;(76);(112);86;379;54;511
1979 - 1986;70 - 79;13 und mehr Wohnungen;(147);262;314;59;17;(55);21;(168);(122);(12);62;(49);67;9;170
1979 - 1986;80 - 89;1 Wohnung;29;(83);(81);45;(145);(192);284;308;242;136;386;202;211;(103);203
1979 - 1986;80 - 89;2 Wohnungen;20;68;(27);(48);(92);147;150;213;165;(97);(252);(117);218;(83);172
1979 - 1986;80 - 89;3 - 6 Wohnungen;64;(160);84;71;55;(199);(127);272;(306);(90);146;(138);(188);91;(320)
1979 - 1986;80 - 89;7 - 12 Wohnungen;(65);(213);(124);50;12;(77);42;105;323;27;104;63;337;12;410
1979 - 1986;80 - 89;13 und mehr Wohnungen;(103);(137);(144);40;6;57;22;(94);98;(12);116;(58);35;6;76
1979 - 1986;90 - 99;1 Wohnung;99;364;145;(120);254;412;398;514;699;371;615;417;610;185;538
1979 - 1986;90 - 99;2 Wohnungen;23;70;42;40;66;(131);121;168;168;(116);(224);(141);(153);57;(166)
1979 - 1986;90 - 99;3 - 6 Wohnungen;34;(88);(42);63;(28);83;93;(162);(200);(36);85;(65);(175);47;139
1979 - 1986;90 - 99;7 - 12 Wohnungen;29;172;(102);(15);7;18;15;64;222;12;43;34;138;23;231
1979 - 1986;90 - 99;13 und mehr Wohnungen;37;72;30;24;-;52;(3);38;(46);16;110;41;(18);-;96
1979 - 1986;100 - 109;1 Wohnung;(185);554;295;279;414;578;539;721;1090;492;1081;650;1089;408;948
1979 - 1986;100 - 109;2 Wohnungen;21;(65);(41);(30);97;147;(138);(190);171;(86);249;168;186;(97);(209)
1979 - 1986;100 - 109;3 - 6 Wohnungen;(12);44;29;16;47;49;93;(85);77;(56);79;(46);82;10;(118)
1979 - 1986;100 - 109;7 - 12 Wohnungen;27;(15);18;(3);13;6;19;43;(80);13;(27);(13);70;6;(130)
1979 - 1986;100 - 109;13 und mehr Wohnungen;3;(30);37;9;10;6;-;24;(52);-;16;15;40;3;50
1979 - 1986;110 - 119;1 Wohnung;(151);344;270;171;393;538;470;681;989;349;826;561;1030;352;876
1979 - 1986;110 - 119;2 Wohnungen;6;31;32;22;31;66;78;98;(117);67;139;123;87;25;105
1979 - 1986;110 - 119;3 - 6 Wohnungen;(15);(18);13;9;18;(26);40;(51);96;(13);40;21;30;13;58
1979 - 1986;110 - 119;7 - 12 Wohnungen;9;13;(23);6;-;6;(21);(38);(49);9;18;6;(41);-;28
1979 - 1986;110 - 119;13 und mehr Wohnungen;6;21;-;3;-;3;-;10;6;-;9;9;7;-;-
1979 - 1986;120 - 129;1 Wohnung;261;485;329;(225);579;789;718;907;1298;519;1334;938;1315;548;1113
1979 - 1986;120 - 129;2 Wohnungen;15;(31);(25);16;(54);(122);(112);(110);153;67;188;142;161;53;(124)
1979 - 1986;120 - 129;3 - 6 Wohnungen;3;18;9;-;18;25;50;70;(29);15;(44);37;44;20;53
1979 - 1986;120 - 129;7 - 12 Wohnungen;7;18;9;-;-;3;6;25;26;3;-;3;10;3;10
1979 - 1986;120 - 129;13 und mehr Wohnungen;-;12;6;-;18;3;-;15;3;-;11;-;-;-;6
1979 - 1986;130 - 139;1 Wohnung;104;222;129;107;317;424;352;426;706;287;691;472;717;343;725
1979 - 1986;130 - 139;2 Wohnungen;6;14;19;-;23;(48);30;60;47;(34);(78);27;68;(48);67
1979 - 1986;130 - 139;3 - 6 Wohnungen;4;7;3;-;10;(6);16;(12);(29);17;30;(21);(29);17;22
1979 - 1986;130 - 139;7 - 12 Wohnungen;3;6;-;-;-;-;10;6;9;-;9;3;10;-;(3)
1979 - 1986;130 - 139;13 und mehr Wohnungen;-;6;3;-;-;-;-;-;3;-;41;-;-;-;8
1979 - 1986;140 - 149;1 Wohnung;113;180;(98);87;332;407;421;358;642;274;637;387;643;300;613
1979 - 1986;140 - 149;2 Wohnungen;6;8;20;3;23;(46);47;51;(37);(18);(48);68;(35);32;(50)
1979 - 1986;140 - 149;3 - 6 Wohnungen;3;15;9;9;6;6;(34);35;14;9;22;18;21;-;22
1979 - 1986;140 - 149;7 - 12 Wohnungen;-;-;6;-;-;-;-;-;12;-;3;3;3;-;10
1979 - 1986;140 - 149;13 und mehr Wohnungen;6;-;3;-;-;-;-;9;3;-;3;3;-;3;3
1979 - 1986;150 - 159;1 Wohnung;47;(104);(88);68;300;275;305;310;492;192;506;360;578;257;602
1979 - 1986;150 - 159;2 Wohnungen;6;6;(17);-;30;(28);32;34;(28);25;(51);28;(71);(39);52
1979 - 1986;150 - 159;3 - 6 Wohnungen;-;9;4;-;9;6;19;3;(12);3;9;3;10;3;13
1979 - 1986;150 - 159;7 - 12 Wohnungen;-;3;-;-;-;3;-;-;7;-;3;-;6;-;12
1979 - 1986;150 - 159;13 und mehr Wohnungen;8;-;-;-;-;-;-;-;-;-;-;-;-;-;-
1979 - 1986;160 - 169;1 Wohnung;34;(68);(33);63;(236);190;206;266;265;144;335;258;344;(193);286
1979 - 1986;160 - 169;2 Wohnungen;-;15;3;10;12;(29);23;(16);31;15;44;24;(11);6;25
1979 - 1986;160 - 169;3 - 6 Wohnungen;-;7;-;-;6;6;6;6;3;-;(21);9;10;-;(12)
1979 - 1986;160 - 169;7 - 12 Wohnungen;-;(10);-;-;-;10;-;-;-;-;3;-;3;-;3
1979 - 1986;160 - 169;13 und mehr Wohnungen;-;-;-;-;-;-;-;-;-;-;-;-;-;-;-
1979 - 1986;170 - 179;1 Wohnung;6;(12);25;9;112;114;126;(88);149;(56);191;(137);179;(82);205
1979 - 1986;170 - 179;2 Wohnungen;3;3;3;3;9;6;9;9;7;(14);27;16;6;6;12
1979 - 1986;170 - 179;3 - 6 Wohnungen;-;3;-;-;-;-;-;6;-;3;(3);4;6;-;(12)
1979 - 1986;170 - 179;7 - 12 Wohnungen;3;-;-;-;-;3;-;-;3;-;3;-;-;-;-
1979 - 1986;170 - 179;13 und mehr Wohnungen;-;7;4;-;6;-;-;-;-;-;-;-;-;-;-
1979 - 1986;180 und mehr;1 Wohnung;89;103;(78);89;494;483;400;460;512;303;705;589;655;281;517
1979 - 1986;180 und mehr;2 Wohnungen;9;16;15;11;52;61;72;(44);51;40;86;82;(94);22;(36)
1979 - 1986;180 und mehr;3 - 6 Wohnungen;-;10;12;-;16;(3);25;(44);15;30;(17);19;16;9;(25)
1979 - 1986;180 und mehr;7 - 12 Wohnungen;3;-;6;3;3;3;3;-;3;-;-;-;10;3;-
1979 - 1986;180 und mehr;13 und mehr Wohnungen;-;9;6;-;-;-;3;6;-;-;6;-;3;-;3
1987 - 1990;Unter 30;1 Wohnung;-;-;3;-;3;-;4;6;-;-;-;-;-;-;-
1987 - 1990;Unter 30;2 Wohnungen;-;-;3;-;-;-;3;-;-;-;-;-;3;-;3
1987 - 1990;Unter 30;3 - 6 Wohnungen;-;-;15;6;-;3;(16);19;3;3;3;6;3;4;-
1987 - 1990;Unter 30;7 - 12 Wohnungen;4;3;30;-;19;-;21;-;3;-;7;3;13;-;11
1987 - 1990;Unter 30;13 und mehr Wohnungen;-;46;61;-;-;-;-;-;3;4;-;-;-;-;-
1987 - 1990;30 - 39;1 Wohnung;-;4;4;3;6;-;9;9;-;-;-;6;4;-;-
1987 - 1990;30 - 39;2 Wohnungen;3;3;4;-;10;(16);19;10;-;-;9;-;11;-;-
1987 - 1990;30 - 39;3 - 6 Wohnungen;9;10;(45);-;12;7;54;23;6;3;(11);8;37;-;17
1987 - 1990;30 - 39;7 - 12 Wohnungen;3;3;172;3;22;15;(52);22;-;(35);18;12;15;13;17
1987 - 1990;30 - 39;13 und mehr Wohnungen;3;93;41;-;-;-;3;31;58;7;6;3;21;3;-
1987 - 1990;40 - 49;1 Wohnung;-;-;21;-;13;9;18;15;3;(16);9;19;6;-;-
1987 - 1990;40 - 49;2 Wohnungen;-;(15);6;4;19;6;(33);23;(3);6;(7);15;21;9;(20)
1987 - 1990;40 - 49;3 - 6 Wohnungen;9;(11);(40);3;38;39;(99);100;46;(38);(51);34;(62);16;24
1987 - 1990;40 - 49;7 - 12 Wohnungen;16;28;130;37;22;65;57;49;23;9;(50);12;43;17;19
1987 - 1990;40 - 49;13 und mehr Wohnungen;-;(158);82;3;7;15;17;(110);96;29;19;49;29;12;10
1987 - 1990;50 - 59;1 Wohnung;-;6;-;-;29;12;95;(34);12;9;38;52;10;4;9
1987 - 1990;50 - 59;2 Wohnungen;-;-;15;(17);9;22;(44);(24);41;(19);37;22;27;3;26
1987 - 1990;50 - 59;3 - 6 Wohnungen;13;71;85;12;48;83;130;110;(86);46;62;42;75;21;(58)
1987 - 1990;50 - 59;7 - 12 Wohnungen;45;(67);(215);22;55;75;26;(91);54;27;30;(42);(123);15;39
1987 - 1990;50 - 59;13 und mehr Wohnungen;-;(121);65;-;-;3;27;(110);142;25;44;71;74;21;22
1987 - 1990;60 - 69;1 Wohnung;3;3;16;6;30;28;68;(79);(23);(30);73;(53);39;14;19
1987 - 1990;60 - 69;2 Wohnungen;6;12;9;10;28;39;57;46;(28);6;(68);(52);(47);13;50
1987 - 1990;60 - 69;3 - 6 Wohnungen;12;54;59;37;30;(99);(138);120;(94);43;75;38;115;41;82
1987 - 1990;60 - 69;7 - 12 Wohnungen;58;53;(150);9;12;112;30;(34);85;58;40;36;139;7;(38)
1987 - 1990;60 - 69;13 und mehr Wohnungen;7;47;25;3;3;27;72;51;(132);13;3;9;35;-;(10)
1987 - 1990;70 - 79;1 Wohnung;-;(24);47;9;34;37;(50);99;18;25;55;47;(41);19;12
1987 - 1990;70 - 79;2 Wohnungen;10;4;-;6;18;36;46;(55);(46);24;34;34;47;6;38
1987 - 1990;70 - 79;3 - 6 Wohnungen;18;(132);(54);40;25;(49);73;76;84;(34);59;(35);97;(6);107
1987 - 1990;70 - 79;7 - 12 Wohnungen;61;92;86;52;15;(114);7;(93);(77);6;(18);17;(81);-;86
1987 - 1990;70 - 79;13 und mehr Wohnungen;-;(13);12;13;-;15;(35);(3);153;(58);15;(60);(39);-;(27)
1987 - 1990;80 - 89;1 Wohnung;20;(70);(63);3;60;(77);(101);(107);67;(29);126;(96);87;28;53
1987 - 1990;80 - 89;2 Wohnungen;-;(3);17;-;25;(34);(21);(69);71;(28);(28);38;(84);16;46
1987 - 1990;80 - 89;3 - 6 Wohnungen;-;(12);25;12;22;(31);(75);(76);86;27;47;(49);52;21;(78)
1987 - 1990;80 - 89;7 - 12 Wohnungen;15;19;22;-;-;26;3;31;35;18;15;6;96;4;(33)
1987 - 1990;80 - 89;13 und mehr Wohnungen;3;74;7;-;-;16;6;(6);19;6;28;6;9;-;6
1987 - 1990;90 - 99;1 Wohnung;(28);(154);137;42;69;261;(146);266;472;(158);213;(117);363;(38);321
1987 - 1990;90 - 99;2 Wohnungen;3;-;16;10;16;37;(24);48;(58);12;(75);56;38;16;43
1987 - 1990;90 - 99;3 - 6 Wohnungen;(16);6;9;12;11;23;16;(31);29;15;30;9;(28);15;24
1987 - 1990;90 - 99;7 - 12 Wohnungen;12;(14);3;6;-;(25);-;16;(44);-;3;15;27;-;30
1987 - 1990;90 - 99;13 und mehr Wohnungen;-;39;26;-;-;-;-;3;-;13;46;22;28;-;-
1987 - 1990;100 - 109;1 Wohnung;48;223;216;87;96;272;185;339;555;(149);376;214;631;(168);506
1987 - 1990;100 - 109;2 Wohnungen;-;22;17;-;12;39;34;36;35;(37);(73);(40);(46);15;65
1987 - 1990;100 - 109;3 - 6 Wohnungen;3;9;15;3;9;16;(16);38;25;7;28;13;19;3;24
1987 - 1990;100 - 109;7 - 12 Wohnungen;6;10;3;3;3;7;-;9;18;-;3;9;14;-;(31)
1987 - 1990;100 - 109;13 und mehr Wohnungen;-;4;-;-;-;-;-;3;-;3;-;3;-;-;-
1987 - 1990;110 - 119;1 Wohnung;38;171;128;(46);144;249;122;237;508;136;348;236;450;79;386
1987 - 1990;110 - 119;2 Wohnungen;3;4;9;-;9;(13);19;(19);(37);21;39;18;(48);3;(35)
1987 - 1990;110 - 119;3 - 6 Wohnungen;3;3;-;-;24;9;(21);15;(6);6;(19);11;6;-;(7)
1987 - 1990;110 - 119;7 - 12 Wohnungen;-;3;3;4;-;-;-;22;14;-;-;-;8;-;3
1987 - 1990;110 - 119;13 und mehr Wohnungen;-;-;-;-;-;6;-;3;-;-;9;-;-;-;-
1987 - 1990;120 - 129;1 Wohnung;77;271;(106);(54);(109);267;(224);283;610;(168);532;298;549;140;490
1987 - 1990;120 - 129;2 Wohnungen;3;12;6;-;(19);(60);(37);36;46;(11);63;27;(51);11;(31)
1987 - 1990;120 - 129;3 - 6 Wohnungen;3;10;-;-;-;7;6;16;9;6;9;21;(22);3;18
1987 - 1990;120 - 129;7 - 12 Wohnungen;-;-;10;-;-;-;-;6;-;-;-;-;-;-;-
1987 - 1990;120 - 129;13 und mehr Wohnungen;-;-;-;-;-;3;-;-;-;3;6;3;-;-;-
1987 - 1990;130 - 139;1 Wohnung;(42);85;(69);45;88;158;105;145;(313);(95);261;176;254;67;225
1987 - 1990;130 - 139;2 Wohnungen;-;15;9;-;9;6;13;9;(27);3;16;16;(6);4;19
1987 - 1990;130 - 139;3 - 6 Wohnungen;4;-;-;-;-;-;-;3;6;-;3;13;3;3;9
1987 - 1990;130 - 139;7 - 12 Wohnungen;4;-;-;-;-;-;-;-;-;-;-;-;6;-;3
1987 - 1990;130 - 139;13 und mehr Wohnungen;-;-;-;-;-;-;-;-;-;-;-;-;-;-;-
1987 - 1990;140 - 149;1 Wohnung;34;40;32;(13);94;111;158;(94);213;(57);(235);(162);(206);(69);(185)
1987 - 1990;140 - 149;2 Wohnungen;-;-;6;4;9;4;6;9;12;-;12;18;15;4;(22)
1987 - 1990;140 - 149;3 - 6 Wohnungen;-;-;-;-;-;-;6;13;6;9;13;-;3;-;3
1987 - 1990;140 - 149;7 - 12 Wohnungen;3;-;3;-;-;-;-;-;-;4;-;-;-;-;-
1987 - 1990;140 - 149;13 und mehr Wohnungen;-;4;-;-;-;-;-;-;-;-;-;-;-;-;-
1987 - 1990;150 - 159;1 Wohnung;18;(37);28;23;99;(77);70;72;(142);(40);133;147;(135);(64);132
1987 - 1990;150 - 159;2 Wohnungen;3;-;3;-;10;8;10;19;(17);-;(9);(6);7;6;(4)
1987 - 1990;150 - 159;3 - 6 Wohnungen;-;3;-;-;3;4;9;9;-;3;3;6;6;-;-
1987 - 1990;150 - 159;7 - 12 Wohnungen;-;-;4;-;-;3;-;-;-;-;-;-;-;-;4
1987 - 1990;150 - 159;13 und mehr Wohnungen;-;-;-;-;-;-;-;-;-;-;-;-;-;-;-
1987 - 1990;160 - 169;1 Wohnung;-;32;12;3;(63);(63);55;37;(61);53;(78);(83);86;37;96
1987 - 1990;160 - 169;2 Wohnungen;4;-;-;6;-;-;3;-;6;6;9;3;10;-;3
1987 - 1990;160 - 169;3 - 6 Wohnungen;-;-;3;-;-;-;-;3;-;-;-;-;3;-;3
1987 - 1990;160 - 169;7 - 12 Wohnungen;-;-;-;-;-;-;-;-;-;-;-;-;-;-;-
1987 - 1990;160 - 169;13 und mehr Wohnungen;-;-;-;-;-;-;-;-;-;-;-;-;-;-;-
1987 - 1990;170 - 179;1 Wohnung;10;3;3;6;18;27;23;25;45;15;63;35;32;21;(49)
1987 - 1990;170 - 179;2 Wohnungen;-;-;-;-;-;7;3;-;4;3;-;3;-;3;3
1987 - 1990;170 - 179;3 - 6 Wohnungen;-;-;3;-;-;6;-;-;-;-;6;-;-;-;-
1987 - 1990;170 - 179;7 - 12 Wohnungen;-;-;-;-;-;-;-;3;-;-;3;-;-;-;-
1987 - 1990;170 - 179;13 und mehr Wohnungen;-;-;-;-;-;3;-;-;-;-;-;-;-;-;-
1987 - 1990;180 und mehr;1 Wohnung;22;(13);33;30;92;138;(119);129;(186);(112);203;(151);180;75;162
1987 - 1990;180 und mehr;2 Wohnungen;7;4;11;-;9;(6);17;3;(13);4;(38);25;12;16;19
1987 - 1990;180 und mehr;3 - 6 Wohnungen;-;3;-;-;3;6;3;10;3;6;9;(18);9;-;12
1987 - 1990;180 und mehr;7 - 12 Wohnungen;4;3;-;-;-;-;-;-;10;-;-;-;-;-;-
1987 - 1990;180 und mehr;13 und mehr Wohnungen;-;3;-;-;-;-;-;-;-;-;-;-;-;-;-
1991 - 1995;Unter 30;1 Wohnung;-;-;3;-;-;3;-;-;3;-;6;-;-;-;-
1991 - 1995;Unter 30;2 Wohnungen;4;-;3;3;3;-;3;3;-;-;4;3;(24);3;4
1991 - 1995;Unter 30;3 - 6 Wohnungen;230;12;6;-;(6);7;(33);(28);3;6;15;-;12;-;-
1991 - 1995;Unter 30;7 - 12 Wohnungen;68;(21);-;-;3;27;16;-;12;-;9;-;34;6;3
1991 - 1995;Unter 30;13 und mehr Wohnungen;27;126;317;8;6;-;6;7;(28);3;192;-;-;-;(27)
1991 - 1995;30 - 39;1 Wohnung;-;3;6;3;4;6;3;3;11;-;3;4;3;-;7
1991 - 1995;30 - 39;2 Wohnungen;-;-;-;-;9;7;32;3;6;3;19;4;14;6;7
1991 - 1995;30 - 39;3 - 6 Wohnungen;12;14;8;7;11;18;70;42;29;16;28;23;36;23;(22)
1991 - 1995;30 - 39;7 - 12 Wohnungen;9;29;49;13;15;23;24;(43);75;35;(44);3;57;36;37
1991 - 1995;30 - 39;13 und mehr Wohnungen;10;55;176;20;41;-;3;(49);203;(28);(82);-;21;12;59
1991 - 1995;40 - 49;1 Wohnung;-;-;13;3;16;6;27;(10);9;-;26;21;28;12;9
1991 - 1995;40 - 49;2 Wohnungen;-;10;10;9;24;15;46;(53);22;9;32;(31);15;16;(15)
1991 - 1995;40 - 49;3 - 6 Wohnungen;27;17;(34);6;59;80;131;(97);97;(94);(115);(87);149;(33);(79)
1991 - 1995;40 - 49;7 - 12 Wohnungen;(51);176;171;(75);(37);162;72;154;284;157;(81);(52);(315);65;145
1991 - 1995;40 - 49;13 und mehr Wohnungen;63;349;205;55;(20);34;31;101;99;71;239;37;199;25;110
1991 - 1995;50 - 59;1 Wohnung;-;7;10;3;24;37;201;22;9;10;81;106;37;20;32
1991 - 1995;50 - 59;2 Wohnungen;6;6;157;-;35;79;(63);60;30;37;63;(43);(38);18;(57)
1991 - 1995;50 - 59;3 - 6 Wohnungen;39;53;(96);79;(111);184;266;(169);222;(92);191;118;297;(107);(173)
1991 - 1995;50 - 59;7 - 12 Wohnungen;(87);383;422;(183);(95);141;(104);315;389;(152);(140);(67);579;106;297
1991 - 1995;50 - 59;13 und mehr Wohnungen;44;(217);349;87;67;74;38;(164);298;52;279;52;193;78;(231)
1991 - 1995;60 - 69;1 Wohnung;30;16;25;6;(40);37;82;71;16;45;74;53;41;(35);22
1991 - 1995;60 - 69;2 Wohnungen;(13);(3);10;25;(40);(62);(104);(65);80;45;(68);(45);74;39;(70)
1991 - 1995;60 - 69;3 - 6 Wohnungen;89;(65);137;(95);(151);212;(247);(209);323;169;269;161;402;135;(197)
1991 - 1995;60 - 69;7 - 12 Wohnungen;63;250;245;198;65;(118);(116);205;355;(109);104;(89);542;53;256
1991 - 1995;60 - 69;13 und mehr Wohnungen;18;98;119;23;33;31;27;(56);(132);41;76;33;100;25;151
1991 - 1995;70 - 79;1 Wohnung;7;43;30;(38);(38);57;77;73;41;(66);112;95;48;19;33
1991 - 1995;70 - 79;2 Wohnungen;10;14;19;17;67;(60);119;(76);149;(52);(137);85;(116);53;(100)
1991 - 1995;70 - 79;3 - 6 Wohnungen;59;76;234;(157);158;(178);174;165;335;107;313;185;390;141;223
1991 - 1995;70 - 79;7 - 12 Wohnungen;117;295;371;209;72;(251);(116);(141);381;88;145;122;650;(60);(290)
1991 - 1995;70 - 79;13 und mehr Wohnungen;(9);(148);120;(27);(15);34;6;(85);129;(15);69;27;84;27;169
1991 - 1995;80 - 89;1 Wohnung;13;(69);(48);32;93;133;129;105;83;50;(153);160;(153);(29);75
1991 - 1995;80 - 89;2 Wohnungen;4;12;16;(18);(53);92;90;86;(158);53;(122);(87);(106);(82);100
1991 - 1995;80 - 89;3 - 6 Wohnungen;19;33;(49);(47);77;137;85;(126);(168);(73);(174);(113);(288);(86);(175)
1991 - 1995;80 - 89;7 - 12 Wohnungen;68;(132);(90);(80);28;60;39;46;306;25;46;43;251;28;233
1991 - 1995;80 - 89;13 und mehr Wohnungen;7;(55);36;22;(3);21;15;(35);76;7;6;17;45;15;125
1991 - 1995;90 - 99;1 Wohnung;(36);(88);(126);(87);119;294;(178);218;492;(161);(286);(226);350;(81);252
1991 - 1995;90 - 99;2 Wohnungen;-;12;19;11;(60);(89);103;(81);(174);49;(138);(66);84;61;(80)
1991 - 1995;90 - 99;3 - 6 Wohnungen;(9);16;15;28;(32);100;(78);53;130;(60);(114);(79);111;27;(118)
1991 - 1995;90 - 99;7 - 12 Wohnungen;10;59;32;25;18;22;9;31;194;(15);(9);22;83;15;123
1991 - 1995;90 - 99;13 und mehr Wohnungen;12;55;28;6;3;9;7;17;43;-;19;10;17;-;(20)
1991 - 1995;100 - 109;1 Wohnung;29;160;170;(119);233;581;298;309;746;297;471;388;773;247;545
1991 - 1995;100 - 109;2 Wohnungen;4;6;(6);(27);71;82;(111);74;105;50;(123);103;(113);67;100
1991 - 1995;100 - 109;3 - 6 Wohnungen;6;25;13;10;18;(57);46;28;111;(24);55;(27);(95);(26);(106)
1991 - 1995;100 - 109;7 - 12 Wohnungen;12;16;13;(15);-;10;-;3;67;17;15;3;53;3;(49)
1991 - 1995;100 - 109;13 und mehr Wohnungen;-;3;34;3;3;6;-;(13);9;3;10;-;10;13;(48)
1991 - 1995;110 - 119;1 Wohnung;(32);(109);130;(85);229;351;254;313;602;(257);500;343;657;200;538
1991 - 1995;110 - 119;2 Wohnungen;3;10;9;-;41;(37);41;(55);(66);26;(83);63;(63);32;(51)
1991 - 1995;110 - 119;3 - 6 Wohnungen;15;10;-;3;23;(10);25;19;(53);15;33;19;38;6;37
1991 - 1995;110 - 119;7 - 12 Wohnungen;-;3;3;-;-;3;-;7;45;6;-;4;(32);-;30
1991 - 1995;110 - 119;13 und mehr Wohnungen;-;6;-;-;-;3;-;-;-;-;3;-;-;3;51
1991 - 1995;120 - 129;1 Wohnung;78;(207);(181);102;319;510;360;458;716;308;740;535;800;346;643
1991 - 1995;120 - 129;2 Wohnungen;4;13;4;9;(50);(50);(61);46;69;(47);91;(47);(93);31;(56)
1991 - 1995;120 - 129;3 - 6 Wohnungen;3;6;7;-;9;(31);19;(19);31;13;24;41;41;6;46
1991 - 1995;120 - 129;7 - 12 Wohnungen;7;-;3;3;3;9;-;7;13;-;-;9;9;-;21
1991 - 1995;120 - 129;13 und mehr Wohnungen;-;34;-;3;-;-;-;3;3;-;-;-;10;-;7
1991 - 1995;130 - 139;1 Wohnung;(83);78;76;(38);172;230;221;193;351;(144);374;321;384;181;311
1991 - 1995;130 - 139;2 Wohnungen;3;4;6;-;16;19;27;25;16;28;28;16;22;6;(28)
1991 - 1995;130 - 139;3 - 6 Wohnungen;3;3;-;-;6;16;12;12;15;11;16;13;9;15;18
1991 - 1995;130 - 139;7 - 12 Wohnungen;-;-;-;-;-;4;3;-;18;-;-;3;4;-;-
1991 - 1995;130 - 139;13 und mehr Wohnungen;-;3;-;-;-;3;-;7;3;-;-;-;3;16;6
1991 - 1995;140 - 149;1 Wohnung;40;(28);(52);(42);(191);(201);237;(142);270;(138);381;(244);311;170;248
1991 - 1995;140 - 149;2 Wohnungen;-;4;6;-;9;6;23;19;19;(38);35;34;24;(7);(22)
1991 - 1995;140 - 149;3 - 6 Wohnungen;-;4;-;-;10;9;11;9;9;4;12;(19);12;-;6
1991 - 1995;140 - 149;7 - 12 Wohnungen;-;-;-;-;-;-;-;3;3;-;6;-;3;9;9
1991 - 1995;140 - 149;13 und mehr Wohnungen;-;-;-;-;-;-;-;-;3;3;-;-;-;-;-
1991 - 1995;150 - 159;1 Wohnung;(19);23;28;41;(134);(155);(163);123;193;(99);234;235;(214);158;193
1991 - 1995;150 - 159;2 Wohnungen;6;3;-;4;12;10;9;18;25;13;22;25;11;9;24
1991 - 1995;150 - 159;3 - 6 Wohnungen;3;-;3;-;-;10;3;13;13;6;6;4;12;-;17
1991 - 1995;150 - 159;7 - 12 Wohnungen;-;-;-;-;-;3;3;-;3;-;3;-;3;-;6
1991 - 1995;150 - 159;13 und mehr Wohnungen;-;4;-;-;-;-;-;3;-;-;-;-;-;-;-
1991 - 1995;160 - 169;1 Wohnung;22;26;32;(33);(103);132;(118);101;170;(33);(217);175;(133);106;155
1991 - 1995;160 - 169;2 Wohnungen;-;-;-;3;17;(23);6;14;10;-;(6);22;17;4;(3)
1991 - 1995;160 - 169;3 - 6 Wohnungen;-;-;3;-;-;6;3;-;-;3;6;10;-;-;9
1991 - 1995;160 - 169;7 - 12 Wohnungen;3;-;3;-;-;-;-;3;-;-;-;-;16;-;-
1991 - 1995;160 - 169;13 und mehr Wohnungen;-;-;-;-;-;-;-;-;-;-;-;-;-;-;3
1991 - 1995;170 - 179;1 Wohnung;6;4;12;(10);(56);(57);74;40;(50);(50);(86);102;95;(50);65
1991 - 1995;170 - 179;2 Wohnungen;-;-;3;-;-;9;3;4;3;7;3;-;12;9;6
1991 - 1995;170 - 179;3 - 6 Wohnungen;-;-;-;3;-;-;-;6;7;3;6;10;9;-;3
1991 - 1995;170 - 179;7 - 12 Wohnungen;-;-;-;-;-;-;-;-;6;-;3;3;-;-;-
1991 - 1995;170 - 179;13 und mehr Wohnungen;-;-;-;-;-;-;-;-;-;-;16;-;-;-;-
1991 - 1995;180 und mehr;1 Wohnung;55;30;49;(44);254;(227);241;(251);282;153;436;335;282;176;269
1991 - 1995;180 und mehr;2 Wohnungen;3;-;10;3;21;(30);(25);(42);18;(3);(72);33;32;6;33
1991 - 1995;180 und mehr;3 - 6 Wohnungen;6;6;-;-;6;10;(37);(3);12;13;16;(6);17;8;19
1991 - 1995;180 und mehr;7 - 12 Wohnungen;-;3;-;-;-;3;-;-;9;-;10;-;-;3;3
1991 - 1995;180 und mehr;13 und mehr Wohnungen;-;-;-;-;-;-;-;9;-;-;3;-;-;-;3
1996 - 2000;Unter 30;1 Wohnung;-;-;-;-;-;-;3;-;-;-;-;-;3;-;4
1996 - 2000;Unter 30;2 Wohnungen;-;3;-;-;6;-;(21);-;-;-;3;3;-;-;8
1996 - 2000;Unter 30;3 - 6 Wohnungen;-;-;4;3;6;-;(25);6;21;-;-;-;(13);6;6
1996 - 2000;Unter 30;7 - 12 Wohnungen;-;20;3;3;-;6;-;(3);-;4;35;(15);7;3;-
1996 - 2000;Unter 30;13 und mehr Wohnungen;13;171;3;17;37;42;-;6;4;10;-;-;3;24;-
1996 - 2000;30 - 39;1 Wohnung;-;-;7;-;6;-;4;-;4;-;-;3;-;-;3
1996 - 2000;30 - 39;2 Wohnungen;6;-;-;-;13;7;(25);(19);9;3;6;12;15;7;7
1996 - 2000;30 - 39;3 - 6 Wohnungen;3;-;15;3;18;(30);(50);(53);(44);(34);21;13;36;19;15
1996 - 2000;30 - 39;7 - 12 Wohnungen;24;54;39;-;21;(9);26;(70);19;61;29;15;39;(12);21
1996 - 2000;30 - 39;13 und mehr Wohnungen;20;84;41;66;19;(30);12;25;29;18;29;3;104;(19);16
1996 - 2000;40 - 49;1 Wohnung;-;4;9;6;12;-;17;13;(15);12;22;35;13;9;10
1996 - 2000;40 - 49;2 Wohnungen;10;10;6;6;17;22;(47);33;25;(26);29;37;18;7;24
1996 - 2000;40 - 49;3 - 6 Wohnungen;20;28;89;41;54;63;118;(108);(79);(70);(66);49;88;39;(72)
1996 - 2000;40 - 49;7 - 12 Wohnungen;78;(193);162;99;59;129;54;166;132;(87);148;31;212;53;110
1996 - 2000;40 - 49;13 und mehr Wohnungen;(66);329;280;10;24;38;43;(111);137;80;192;113;155;(84);116
1996 - 2000;50 - 59;1 Wohnung;-;6;13;9;35;23;(160);(25);7;(12);63;(107);15;6;12
1996 - 2000;50 - 59;2 Wohnungen;(12);11;10;8;30;(36);(90);60;54;27;67;(48);37;28;(64)
1996 - 2000;50 - 59;3 - 6 Wohnungen;38;87;(107);47;(72);(87);188;178;167;(180);189;(123);(178);(51);(92)
1996 - 2000;50 - 59;7 - 12 Wohnungen;109;338;371;115;53;335;(118);(252);300;(115);217;(66);305;(103);(187)
1996 - 2000;50 - 59;13 und mehr Wohnungen;(133);402;475;49;79;47;61;117;192;142;282;167;312;(107);161
1996 - 2000;60 - 69;1 Wohnung;7;21;12;-;(53);33;142;(87);(20);(25);76;(134);55;20;(29)
1996 - 2000;60 - 69;2 Wohnungen;3;6;(39);10;50;(49);134;89;(76);(70);(114);100;71;51;80
1996 - 2000;60 - 69;3 - 6 Wohnungen;(27);78;123;(63);180;(193);211;271;288;(181);256;167;239;90;(158)
1996 - 2000;60 - 69;7 - 12 Wohnungen;(80);277;301;104;71;351;65;350;385;(175);(211);79;350;58;(268)
1996 - 2000;60 - 69;13 und mehr Wohnungen;(63);(254);(218);44;18;45;78;109;169;53;138;31;224;103;(90)
1996 - 2000;70 - 79;1 Wohnung;3;(32);38;12;73;70;(145);113;41;(44);82;(113);45;32;58
1996 - 2000;70 - 79;2 Wohnungen;10;20;25;(9);77;61;146;(112);97;(39);139;(77);(120);(79);(53)
1996 - 2000;70 - 79;3 - 6 Wohnungen;66;52;(122);(66);161;311;226;211;(288);(160);(270);169;(250);107;167
1996 - 2000;70 - 79;7 - 12 Wohnungen;(74);306;522;216;62;(338);(93);218;488;(116);(187);107;496;49;350
1996 - 2000;70 - 79;13 und mehr Wohnungen;32;(225);231;13;12;20;(18);(61);(198);(54);125;8;141;20;(121)
1996 - 2000;80 - 89;1 Wohnung;13;27;(78);(14);(118);(117);190;193;(123);(86);224;(190);(119);52;(78)
1996 - 2000;80 - 89;2 Wohnungen;10;(10);30;(7);(84);(105);121;95;(71);86;168;(120);148;76;(71)
1996 - 2000;80 - 89;3 - 6 Wohnungen;16;33;77;(53);(81);(113);(148);148;(268);100;215;(103);205;86;128
1996 - 2000;80 - 89;7 - 12 Wohnungen;37;123;135;(36);27;(217);36;127;223;69;(128);67;216;(35);(219)
1996 - 2000;80 - 89;13 und mehr Wohnungen;9;(114);(127);23;-;24;22;43;210;9;45;15;51;48;21
1996 - 2000;90 - 99;1 Wohnung;61;62;155;108;215;400;288;387;392;(254);402;(266);393;160;275
1996 - 2000;90 - 99;2 Wohnungen;12;6;(18);9;72;80;110;(80);103;67;123;(79);(113);(63);118
1996 - 2000;90 - 99;3 - 6 Wohnungen;9;(37);(24);(42);44;(101);(59);(46);166;63;(140);(63);(96);48;105
1996 - 2000;90 - 99;7 - 12 Wohnungen;(15);(57);(24);12;15;(111);7;81;111;34;52;(10);100;12;123
1996 - 2000;90 - 99;13 und mehr Wohnungen;22;(41);(58);-;-;-;26;17;69;-;(18);6;41;9;17
1996 - 2000;100 - 109;1 Wohnung;117;(117);224;176;406;654;481;620;886;463;824;643;976;340;677
1996 - 2000;100 - 109;2 Wohnungen;10;19;9;15;(64);(98);130;97;(118);72;184;(107);(115);50;88
1996 - 2000;100 - 109;3 - 6 Wohnungen;-;19;(29);9;(35);(55);38;71;(143);(38);123;(58);(100);25;(57)
1996 - 2000;100 - 109;7 - 12 Wohnungen;9;(34);8;12;(12);(21);-;(30);62;(9);30;12;69;6;(51)
1996 - 2000;100 - 109;13 und mehr Wohnungen;7;13;16;-;-;3;6;12;15;-;25;-;34;-;(6)
1996 - 2000;110 - 119;1 Wohnung;130;116;225;(192);394;527;413;514;719;494;827;613;849;386;645
1996 - 2000;110 - 119;2 Wohnungen;-;10;(13);3;36;44;59;(31);62;(32);(100);(105);(59);37;(68)
1996 - 2000;110 - 119;3 - 6 Wohnungen;3;19;(16);3;12;22;(21);33;(50);25;(41);22;(23);9;28
1996 - 2000;110 - 119;7 - 12 Wohnungen;3;3;12;3;-;(28);3;(12);16;10;12;6;(36);3;18
1996 - 2000;110 - 119;13 und mehr Wohnungen;6;9;-;-;-;9;-;31;(33);-;3;-;(30);-;-
1996 - 2000;120 - 129;1 Wohnung;262;165;297;137;523;852;656;744;925;627;1439;1023;1162;523;895
1996 - 2000;120 - 129;2 Wohnungen;3;16;12;4;(50);(75);84;85;79;60;123;91;99;(49);(77)
1996 - 2000;120 - 129;3 - 6 Wohnungen;6;3;12;12;19;68;40;28;(23);34;38;19;(19);6;22
1996 - 2000;120 - 129;7 - 12 Wohnungen;4;3;9;-;3;10;3;18;25;3;26;-;25;9;20
1996 - 2000;120 - 129;13 und mehr Wohnungen;-;6;6;-;-;6;3;9;-;3;(23);-;-;3;-
1996 - 2000;130 - 139;1 Wohnung;(164);(92);(95);60;357;407;444;379;549;298;745;610;599;337;412
1996 - 2000;130 - 139;2 Wohnungen;-;6;(15);4;17;(16);25;(32);28;21;(56);(60);(18);21;28
1996 - 2000;130 - 139;3 - 6 Wohnungen;12;9;-;4;7;12;9;24;3;18;19;6;24;-;16
1996 - 2000;130 - 139;7 - 12 Wohnungen;-;-;-;-;-;6;-;-;3;4;6;-;(9);6;13
1996 - 2000;130 - 139;13 und mehr Wohnungen;3;-;-;-;-;-;-;-;-;3;15;-;-;-;-
1996 - 2000;140 - 149;1 Wohnung;(100);(53);86;(52);289;340;485;307;456;(245);622;594;459;282;374
1996 - 2000;140 - 149;2 Wohnungen;-;-;9;4;6;17;28;22;(42);(30);58;(38);(57);19;(17)
1996 - 2000;140 - 149;3 - 6 Wohnungen;6;3;3;3;7;10;23;-;13;14;19;15;(21);-;13
1996 - 2000;140 - 149;7 - 12 Wohnungen;-;7;-;-;-;3;-;3;10;-;-;3;10;3;4
1996 - 2000;140 - 149;13 und mehr Wohnungen;9;-;-;-;-;-;-;-;-;-;-;3;7;-;-
1996 - 2000;150 - 159;1 Wohnung;42;(22);(60);20;233;224;298;(179);247;(157);465;373;319;169;183
1996 - 2000;150 - 159;2 Wohnungen;6;7;-;-;10;17;(12);38;13;19;25;39;16;(15);(14)
1996 - 2000;150 - 159;3 - 6 Wohnungen;-;3;-;3;10;9;12;15;-;9;9;-;3;6;9
1996 - 2000;150 - 159;7 - 12 Wohnungen;-;3;-;6;-;-;-;9;3;3;-;-;15;3;4
1996 - 2000;150 - 159;13 und mehr Wohnungen;-;-;3;-;-;3;-;10;-;-;-;6;-;-;-
1996 - 2000;160 - 169;1 Wohnung;(27);27;34;29;204;141;255;184;(169);132;341;251;229;(126);203
1996 - 2000;160 - 169;2 Wohnungen;-;-;3;-;3;12;14;(3);19;(30);28;21;21;-;15
1996 - 2000;160 - 169;3 - 6 Wohnungen;-;4;4;-;6;10;(15);-;6;3;3;6;6;3;(18)
1996 - 2000;160 - 169;7 - 12 Wohnungen;-;-;-;-;-;3;-;-;6;-;-;-;-;-;3
1996 - 2000;160 - 169;13 und mehr Wohnungen;-;-;3;-;-;-;-;3;-;-;11;-;3;-;3
1996 - 2000;170 - 179;1 Wohnung;31;14;(19);11;(90);95;155;(94);97;(68);197;(134);(129);61;(69)
1996 - 2000;170 - 179;2 Wohnungen;-;-;-;3;(24);-;13;9;3;6;19;15;12;3;13
1996 - 2000;170 - 179;3 - 6 Wohnungen;-;3;3;-;3;-;4;3;6;3;6;3;7;6;-
1996 - 2000;170 - 179;7 - 12 Wohnungen;-;-;-;-;-;-;-;-;3;-;3;-;3;3;-
1996 - 2000;170 - 179;13 und mehr Wohnungen;-;-;3;-;-;-;-;3;-;-;9;-;-;-;-
1996 - 2000;180 und mehr;1 Wohnung;69;47;(50);(55);407;313;370;339;321;237;696;534;456;253;337
1996 - 2000;180 und mehr;2 Wohnungen;3;-;9;-;23;44;(56);47;43;40;47;(35);(46);16;37
1996 - 2000;180 und mehr;3 - 6 Wohnungen;6;-;-;9;3;12;15;16;18;10;18;12;24;-;21
1996 - 2000;180 und mehr;7 - 12 Wohnungen;3;4;3;-;-;12;3;15;3;-;3;-;3;4;3
1996 - 2000;180 und mehr;13 und mehr Wohnungen;-;3;3;-;-;-;-;12;-;-;25;-;9;3;18
2001 - 2004;Unter 30;1 Wohnung;-;3;3;-;-;-;3;-;-;3;-;3;4;-;3
2001 - 2004;Unter 30;2 Wohnungen;-;-;3;-;-;6;3;3;3;-;-;3;3;4;-
2001 - 2004;Unter 30;3 - 6 Wohnungen;-;-;-;-;-;-;7;-;9;-;-;-;-;-;3
2001 - 2004;Unter 30;7 - 12 Wohnungen;-;3;-;-;-;-;6;-;-;-;-;12;-;-;3
2001 - 2004;Unter 30;13 und mehr Wohnungen;69;25;-;-;-;-;-;-;-;3;-;-;4;-;17
2001 - 2004;30 - 39;1 Wohnung;-;3;12;-;3;3;3;3;-;3;3;3;-;-;-
2001 - 2004;30 - 39;2 Wohnungen;-;-;3;3;3;3;9;-;4;6;12;-;3;-;3
2001 - 2004;30 - 39;3 - 6 Wohnungen;3;3;10;3;3;3;12;(18);7;3;-;3;6;6;6
2001 - 2004;30 - 39;7 - 12 Wohnungen;-;6;-;-;3;7;16;(9);9;-;3;3;-;-;9
2001 - 2004;30 - 39;13 und mehr Wohnungen;-;3;15;-;-;9;-;31;-;12;-;-;-;-;6
2001 - 2004;40 - 49;1 Wohnung;-;3;8;-;6;6;12;-;6;-;-;8;12;-;3
2001 - 2004;40 - 49;2 Wohnungen;-;-;12;4;-;13;31;7;3;12;18;(15);13;3;10
2001 - 2004;40 - 49;3 - 6 Wohnungen;12;-;(31);-;7;12;(46);(19);26;36;6;7;13;-;(12)
2001 - 2004;40 - 49;7 - 12 Wohnungen;9;(39);226;6;26;27;30;44;(23);9;21;9;16;4;6
2001 - 2004;40 - 49;13 und mehr Wohnungen;41;(85);13;-;27;13;9;27;-;21;19;4;13;-;43
2001 - 2004;50 - 59;1 Wohnung;3;3;3;14;4;6;48;16;12;13;(12);30;18;6;3
2001 - 2004;50 - 59;2 Wohnungen;3;3;(19);-;(16);19;(15);29;(13);(18);22;15;(32);6;(13)
2001 - 2004;50 - 59;3 - 6 Wohnungen;(40);(4);107;4;(22);23;44;55;35;56;54;10;22;14;19
2001 - 2004;50 - 59;7 - 12 Wohnungen;(9);(48);194;(35);12;41;39;(54);(100);(22);(15);7;41;6;(69)
2001 - 2004;50 - 59;13 und mehr Wohnungen;13;52;3;14;4;(142);6;49;38;65;20;3;43;4;30
2001 - 2004;60 - 69;1 Wohnung;6;6;3;-;6;(38);56;39;15;10;15;49;18;9;(22)
2001 - 2004;60 - 69;2 Wohnungen;-;3;33;11;21;(23);(52);53;(28);21;(24);33;34;13;25
2001 - 2004;60 - 69;3 - 6 Wohnungen;36;14;(161);10;31;41;64;62;(34);(22);(78);9;(43);18;49
2001 - 2004;60 - 69;7 - 12 Wohnungen;(21);(56);246;3;12;100;37;(80);90;31;34;27;(67);9;(68)
2001 - 2004;60 - 69;13 und mehr Wohnungen;34;49;10;20;13;66;56;(40);27;(61);68;3;27;3;36
2001 - 2004;70 - 79;1 Wohnung;3;23;31;14;30;(38);43;(44);43;(42);(25);53;26;13;13
2001 - 2004;70 - 79;2 Wohnungen;3;9;3;9;22;28;60;28;47;19;38;(51);41;6;16
2001 - 2004;70 - 79;3 - 6 Wohnungen;(22);(4);24;18;21;(63);(77);42;(96);(54);46;29;(97);6;39
2001 - 2004;70 - 79;7 - 12 Wohnungen;(24);69;310;84;3;129;(3);63;(93);18;19;18;(68);10;(62)
2001 - 2004;70 - 79;13 und mehr Wohnungen;41;46;28;8;-;41;6;30;(35);21;15;9;3;4;24
2001 - 2004;80 - 89;1 Wohnung;9;13;42;12;(76);88;93;64;(62);57;94;102;(42);(34);36
2001 - 2004;80 - 89;2 Wohnungen;3;15;6;(14);39;37;72;(21);50;38;68;50;60;12;(57)
2001 - 2004;80 - 89;3 - 6 Wohnungen;22;13;17;3;(4);84;40;57;125;(54);33;16;(91);(6);41
2001 - 2004;80 - 89;7 - 12 Wohnungen;24;(43);(78);7;9;108;21;29;(92);35;18;-;(36);-;(48)
2001 - 2004;80 - 89;13 und mehr Wohnungen;-;21;38;6;-;13;-;23;32;3;9;-;7;6;47
2001 - 2004;90 - 99;1 Wohnung;38;(73);90;36;(55);(200);110;181;236;(79);(137);(114);242;86;180
2001 - 2004;90 - 99;2 Wohnungen;-;6;-;10;19;36;38;(38);66;23;37;25;(32);34;(58)
2001 - 2004;90 - 99;3 - 6 Wohnungen;-;13;3;3;6;28;(32);(16);59;(34);20;18;(55);9;43
2001 - 2004;90 - 99;7 - 12 Wohnungen;-;23;77;-;-;28;-;25;65;13;23;7;(19);-;32
2001 - 2004;90 - 99;13 und mehr Wohnungen;10;-;3;-;7;28;6;7;15;-;3;-;-;-;3
2001 - 2004;100 - 109;1 Wohnung;(76);(150);130;69;(108);286;197;356;418;212;294;213;547;(134);375
2001 - 2004;100 - 109;2 Wohnungen;4;9;9;7;15;34;41;38;52;(27);70;(26);59;(35);(56)
2001 - 2004;100 - 109;3 - 6 Wohnungen;-;7;14;3;6;31;22;35;(24);20;3;16;28;6;24
2001 - 2004;100 - 109;7 - 12 Wohnungen;(3);9;6;7;3;24;-;(35);52;9;27;9;15;-;13
2001 - 2004;100 - 109;13 und mehr Wohnungen;7;9;4;-;-;9;-;6;-;3;-;-;-;-;8
2001 - 2004;110 - 119;1 Wohnung;83;141;160;69;201;405;205;350;536;256;404;273;543;229;408
2001 - 2004;110 - 119;2 Wohnungen;7;3;-;-;15;19;22;(13);(57);(40);(23);(6);46;6;40
2001 - 2004;110 - 119;3 - 6 Wohnungen;7;3;3;3;-;12;9;(21);21;3;4;12;19;-;9
2001 - 2004;110 - 119;7 - 12 Wohnungen;-;10;13;3;-;16;3;9;15;3;6;3;19;-;12
2001 - 2004;110 - 119;13 und mehr Wohnungen;6;4;-;-;3;4;-;3;-;-;-;-;-;-;-
2001 - 2004;120 - 129;1 Wohnung;160;(195);(135);(95);256;494;353;485;717;319;695;556;761;329;607
2001 - 2004;120 - 129;2 Wohnungen;6;9;6;10;24;27;(29);33;(29);24;46;(54);53;9;44
2001 - 2004;120 - 129;3 - 6 Wohnungen;-;3;-;3;-;14;(18);10;15;(32);(16);9;24;3;9
2001 - 2004;120 - 129;7 - 12 Wohnungen;9;4;11;-;3;3;-;6;6;3;-;-;9;-;6
2001 - 2004;120 - 129;13 und mehr Wohnungen;-;-;-;-;-;6;-;4;-;-;-;3;-;-;-
2001 - 2004;130 - 139;1 Wohnung;78;(95);89;56;167;262;(272);(194);438;204;387;352;398;(166);422
2001 - 2004;130 - 139;2 Wohnungen;-;-;3;9;15;13;6;13;(6);18;25;13;29;3;20
2001 - 2004;130 - 139;3 - 6 Wohnungen;13;3;3;3;3;14;-;15;12;4;-;-;6;-;-
2001 - 2004;130 - 139;7 - 12 Wohnungen;-;16;3;-;-;3;-;9;-;3;9;-;4;-;-
2001 - 2004;130 - 139;13 und mehr Wohnungen;3;-;-;-;-;4;-;-;-;-;-;-;-;-;-
2001 - 2004;140 - 149;1 Wohnung;(59);(89);80;(50);165;248;228;(206);405;(179);347;324;397;200;374
2001 - 2004;140 - 149;2 Wohnungen;-;-;7;-;3;25;(28);9;7;3;(40);15;15;3;18
2001 - 2004;140 - 149;3 - 6 Wohnungen;3;-;3;-;7;-;-;7;-;-;3;-;13;3;14
2001 - 2004;140 - 149;7 - 12 Wohnungen;7;-;4;-;-;-;-;3;-;-;-;-;3;-;6
2001 - 2004;140 - 149;13 und mehr Wohnungen;-;-;-;-;-;-;-;-;-;-;-;-;-;-;-
2001 - 2004;150 - 159;1 Wohnung;32;31;(44);21;(93);(151);139;119;165;90;233;223;219;105;193
2001 - 2004;150 - 159;2 Wohnungen;-;3;-;-;16;7;7;16;7;11;6;10;10;6;6
2001 - 2004;150 - 159;3 - 6 Wohnungen;6;-;-;-;-;3;3;3;-;-;-;-;-;-;3
2001 - 2004;150 - 159;7 - 12 Wohnungen;6;3;-;-;-;-;3;3;3;-;3;6;-;-;-
2001 - 2004;150 - 159;13 und mehr Wohnungen;-;-;-;-;-;-;-;6;-;35;-;-;-;-;4
2001 - 2004;160 - 169;1 Wohnung;48;33;28;(16);91;95;141;99;140;(56);183;169;150;(86);(151)
2001 - 2004;160 - 169;2 Wohnungen;-;3;7;-;6;3;(32);3;6;-;12;(3);4;3;6
2001 - 2004;160 - 169;3 - 6 Wohnungen;-;-;-;-;9;-;-;3;3;-;12;3;3;-;6
2001 - 2004;160 - 169;7 - 12 Wohnungen;6;3;-;-;-;-;-;-;-;-;-;-;3;-;-
2001 - 2004;160 - 169;13 und mehr Wohnungen;-;-;-;-;-;-;-;-;-;35;-;-;-;-;-
2001 - 2004;170 - 179;1 Wohnung;(21);17;7;3;56;55;(51);37;85;45;92;88;(114);30;77
2001 - 2004;170 - 179;2 Wohnungen;3;-;-;-;6;6;4;7;3;-;-;9;6;3;6
2001 - 2004;170 - 179;3 - 6 Wohnungen;-;-;-;-;6;-;3;-;-;4;-;3;-;-;-
2001 - 2004;170 - 179;7 - 12 Wohnungen;3;-;-;-;-;3;-;-;-;-;7;-;-;-;-
2001 - 2004;170 - 179;13 und mehr Wohnungen;-;-;-;-;-;-;-;-;-;-;-;-;-;-;-
2001 - 2004;180 und mehr;1 Wohnung;75;(40);42;35;(174);200;229;200;276;(171);360;291;292;(166);249
2001 - 2004;180 und mehr;2 Wohnungen;13;6;9;9;13;20;12;13;22;7;(25);(38);32;10;(30)
2001 - 2004;180 und mehr;3 - 6 Wohnungen;3;-;3;-;-;12;3;12;3;7;6;3;13;3;6
2001 - 2004;180 und mehr;7 - 12 Wohnungen;7;-;-;-;-;3;-;3;3;-;3;-;-;-;3
2001 - 2004;180 und mehr;13 und mehr Wohnungen;-;-;-;-;-;-;-;-;-;-;-;3;-;-;3
2005 - 2008;Unter 30;1 Wohnung;-;-;-;-;-;-;-;-;-;-;-;3;-;-;-
2005 - 2008;Unter 30;2 Wohnungen;-;-;-;-;-;-;3;-;-;-;-;-;-;3;-
2005 - 2008;Unter 30;3 - 6 Wohnungen;7;-;-;-;-;-;3;6;-;-;-;-;4;3;-
2005 - 2008;Unter 30;7 - 12 Wohnungen;-;-;3;-;-;-;-;-;-;4;-;-;7;3;-
2005 - 2008;Unter 30;13 und mehr Wohnungen;-;12;3;-;48;-;-;4;-;-;6;-;-;-;15
2005 - 2008;30 - 39;1 Wohnung;-;-;16;4;6;-;-;-;-;-;3;-;-;-;-
2005 - 2008;30 - 39;2 Wohnungen;-;-;-;-;-;-;6;3;-;-;4;7;-;-;3
2005 - 2008;30 - 39;3 - 6 Wohnungen;22;-;3;3;6;-;18;9;-;-;6;-;13;6;6
2005 - 2008;30 - 39;7 - 12 Wohnungen;-;-;31;-;-;-;10;13;(3);6;15;3;-;3;16
2005 - 2008;30 - 39;13 und mehr Wohnungen;-;(34);77;-;3;-;3;40;-;-;12;6;28;-;-
2005 - 2008;40 - 49;1 Wohnung;-;3;7;-;3;3;16;6;-;3;3;25;12;-;3
2005 - 2008;40 - 49;2 Wohnungen;-;7;3;-;-;6;21;9;3;4;3;3;6;-;(21)
2005 - 2008;40 - 49;3 - 6 Wohnungen;18;9;18;3;-;3;29;26;37;(13);9;7;12;15;6
2005 - 2008;40 - 49;7 - 12 Wohnungen;31;6;27;6;22;3;23;37;(35);13;25;-;41;15;56
2005 - 2008;40 - 49;13 und mehr Wohnungen;7;(58);43;13;26;(49);44;(36);33;-;46;22;15;-;22
2005 - 2008;50 - 59;1 Wohnung;4;3;(19);-;25;11;31;21;3;-;10;10;18;-;-
2005 - 2008;50 - 59;2 Wohnungen;6;-;6;4;3;12;(38);10;9;12;(21);13;9;3;(6)
2005 - 2008;50 - 59;3 - 6 Wohnungen;6;9;29;4;-;10;63;39;(45);15;25;12;21;(12);35
2005 - 2008;50 - 59;7 - 12 Wohnungen;45;(24);222;6;10;26;28;55;(133);30;6;53;59;6;(16)
2005 - 2008;50 - 59;13 und mehr Wohnungen;51;28;141;13;-;152;13;(23);(57);16;33;7;(22);-;47
2005 - 2008;60 - 69;1 Wohnung;-;6;7;6;10;12;(60);33;17;6;18;(64);9;15;6
2005 - 2008;60 - 69;2 Wohnungen;3;6;6;3;10;34;38;(28);39;9;33;18;13;10;21
2005 - 2008;60 - 69;3 - 6 Wohnungen;(28);6;(20);7;18;41;(32);(31);55;13;35;30;(45);18;(52)
2005 - 2008;60 - 69;7 - 12 Wohnungen;58;-;(141);16;33;34;21;82;62;28;26;3;(69);6;50
2005 - 2008;60 - 69;13 und mehr Wohnungen;34;34;36;-;15;22;26;80;45;14;(61);6;(76);6;9
2005 - 2008;70 - 79;1 Wohnung;4;3;(22);4;9;36;52;44;(16);(13);(68);(31);9;22;17
2005 - 2008;70 - 79;2 Wohnungen;-;15;3;3;(20);19;52;(10);12;15;(14);(27);28;22;22
2005 - 2008;70 - 79;3 - 6 Wohnungen;3;14;18;-;6;(37);(64);(69);74;19;24;56;51;7;48
2005 - 2008;70 - 79;7 - 12 Wohnungen;(26);29;93;30;6;51;45;(31);(48);28;29;9;99;12;101
2005 - 2008;70 - 79;13 und mehr Wohnungen;(13);(70);39;-;21;21;12;(64);30;3;6;6;39;15;19
2005 - 2008;80 - 89;1 Wohnung;54;13;24;16;18;51;87;(43);28;(35);(71);(82);38;18;42
2005 - 2008;80 - 89;2 Wohnungen;-;-;12;3;19;25;(38);(12);29;7;26;(12);47;13;(31)
2005 - 2008;80 - 89;3 - 6 Wohnungen;10;21;(10);11;15;(42);31;48;67;16;18;18;(31);12;43
2005 - 2008;80 - 89;7 - 12 Wohnungen;15;41;65;10;9;48;19;72;55;3;(25);16;100;-;(37)
2005 - 2008;80 - 89;13 und mehr Wohnungen;9;(39);-;-;-;10;19;(25);18;6;(9);-;109;(24);6
2005 - 2008;90 - 99;1 Wohnung;65;(34);69;13;(58);(112);(110);152;(145);79;(82);118;(92);29;(137)
2005 - 2008;90 - 99;2 Wohnungen;-;3;18;(22);(3);33;24;(40);43;9;28;21;40;-;(20)
2005 - 2008;90 - 99;3 - 6 Wohnungen;9;9;(31);3;7;19;13;28;39;(9);18;26;30;(28);(31)
2005 - 2008;90 - 99;7 - 12 Wohnungen;-;15;46;-;-;27;6;20;59;(10);13;3;62;-;48
2005 - 2008;90 - 99;13 und mehr Wohnungen;-;58;3;-;-;-;3;13;10;6;9;-;22;3;-
2005 - 2008;100 - 109;1 Wohnung;72;73;197;(36);80;217;(185);249;301;133;198;(179);434;(59);392
2005 - 2008;100 - 109;2 Wohnungen;-;11;10;12;6;(22);31;30;32;18;36;18;(43);10;24
2005 - 2008;100 - 109;3 - 6 Wohnungen;-;3;19;6;6;13;16;18;21;10;12;19;25;3;18
2005 - 2008;100 - 109;7 - 12 Wohnungen;6;6;26;6;3;11;12;18;19;9;9;6;16;-;30
2005 - 2008;100 - 109;13 und mehr Wohnungen;6;25;-;-;-;-;3;6;12;-;3;-;3;6;6
2005 - 2008;110 - 119;1 Wohnung;70;(76);202;34;82;214;126;215;435;127;247;151;402;96;341
2005 - 2008;110 - 119;2 Wohnungen;-;9;7;-;3;31;19;(21);29;12;20;16;(16);16;28
2005 - 2008;110 - 119;3 - 6 Wohnungen;-;14;6;-;3;10;3;9;(25);(14);6;16;6;-;(20)
2005 - 2008;110 - 119;7 - 12 Wohnungen;-;3;6;-;-;3;3;17;15;3;10;3;25;-;22
2005 - 2008;110 - 119;13 und mehr Wohnungen;-;9;-;-;-;-;-;3;3;-;-;-;3;-;6
2005 - 2008;120 - 129;1 Wohnung;(117);184;150;(76);115;370;278;272;648;204;509;285;536;147;531
2005 - 2008;120 - 129;2 Wohnungen;10;-;9;3;-;(49);46;19;22;15;21;(37);43;12;40
2005 - 2008;120 - 129;3 - 6 Wohnungen;-;3;13;10;10;12;22;9;-;13;(18);6;3;15;-
2005 - 2008;120 - 129;7 - 12 Wohnungen;-;-;10;-;3;-;-;10;7;-;-;-;-;-;7
2005 - 2008;120 - 129;13 und mehr Wohnungen;-;9;-;-;-;3;6;3;3;-;-;-;-;-;-
2005 - 2008;130 - 139;1 Wohnung;(59);(100);152;(29);95;208;169;(178);400;(104);287;190;299;(104);363
2005 - 2008;130 - 139;2 Wohnungen;3;7;13;-;3;4;4;3;12;9;22;9;16;-;14
2005 - 2008;130 - 139;3 - 6 Wohnungen;-;6;3;-;6;-;3;12;12;-;-;13;10;3;7
2005 - 2008;130 - 139;7 - 12 Wohnungen;-;6;-;-;-;-;12;3;-;-;6;-;8;-;3
2005 - 2008;130 - 139;13 und mehr Wohnungen;-;-;-;-;-;-;-;-;9;-;3;-;6;-;-
2005 - 2008;140 - 149;1 Wohnung;(46);81;(107);13;93;231;186;(102);367;118;249;172;231;(94);329
2005 - 2008;140 - 149;2 Wohnungen;3;-;7;-;3;6;13;12;(24);-;13;12;(29);-;15
2005 - 2008;140 - 149;3 - 6 Wohnungen;3;14;6;-;-;-;3;21;3;3;3;7;6;7;4
2005 - 2008;140 - 149;7 - 12 Wohnungen;-;3;3;-;-;-;3;3;6;-;6;-;-;-;4
2005 - 2008;140 - 149;13 und mehr Wohnungen;-;-;-;-;-;-;-;-;-;-;4;-;3;-;-
2005 - 2008;150 - 159;1 Wohnung;45;(51);(45);6;(96);(84);103;(107);199;86;146;142;(141);41;194
2005 - 2008;150 - 159;2 Wohnungen;-;3;-;3;-;4;9;6;6;9;3;7;15;3;13
2005 - 2008;150 - 159;3 - 6 Wohnungen;-;-;4;-;-;-;-;-;9;-;-;6;4;-;-
2005 - 2008;150 - 159;7 - 12 Wohnungen;6;4;-;-;-;-;-;3;3;-;-;-;-;-;-
2005 - 2008;150 - 159;13 und mehr Wohnungen;-;-;-;-;-;-;-;-;-;-;-;-;-;-;-
2005 - 2008;160 - 169;1 Wohnung;21;43;(25);10;49;88;78;88;(171);59;135;92;(126);(52);(138)
2005 - 2008;160 - 169;2 Wohnungen;4;-;3;-;3;10;3;3;9;-;-;7;3;-;7
2005 - 2008;160 - 169;3 - 6 Wohnungen;-;-;-;-;-;6;3;18;-;-;-;3;-;-;-
2005 - 2008;160 - 169;7 - 12 Wohnungen;3;-;(14);-;-;-;-;-;-;-;-;-;-;-;-
2005 - 2008;160 - 169;13 und mehr Wohnungen;-;-;-;-;-;-;-;-;-;-;12;-;-;-;-
2005 - 2008;170 - 179;1 Wohnung;-;9;27;12;33;(69);48;49;87;43;97;63;58;24;(102)
2005 - 2008;170 - 179;2 Wohnungen;-;4;3;-;-;-;-;-;-;3;4;3;3;-;6
2005 - 2008;170 - 179;3 - 6 Wohnungen;-;-;-;-;-;-;-;-;-;3;-;-;-;-;-
2005 - 2008;170 - 179;7 - 12 Wohnungen;-;-;-;-;-;-;-;-;-;-;-;-;-;-;-
2005 - 2008;170 - 179;13 und mehr Wohnungen;-;-;-;-;-;-;-;-;-;-;-;-;-;3;-
2005 - 2008;180 und mehr;1 Wohnung;47;(58);52;32;140;157;194;(166);254;101;292;(208);219;107;255
2005 - 2008;180 und mehr;2 Wohnungen;4;(11);7;-;7;9;25;23;23;7;17;13;23;-;19
2005 - 2008;180 und mehr;3 - 6 Wohnungen;-;-;-;-;3;3;6;12;-;9;6;6;-;3;-
2005 - 2008;180 und mehr;7 - 12 Wohnungen;3;3;-;-;-;-;-;3;3;-;-;6;-;-;-
2005 - 2008;180 und mehr;13 und mehr Wohnungen;3;-;3;-;-;-;-;-;-;-;-;-;-;-;-
2009 und später;Unter 30;1 Wohnung;-;-;3;-;-;-;-;-;-;-;-;-;-;-;3
2009 und später;Unter 30;2 Wohnungen;-;-;-;-;-;-;6;-;3;-;-;-;-;-;-
2009 und später;Unter 30;3 - 6 Wohnungen;-;7;-;-;-;3;(20);-;-;-;-;-;-;-;-
2009 und später;Unter 30;7 - 12 Wohnungen;-;-;12;-;-;6;-;-;-;-;-;-;-;-;-
2009 und später;Unter 30;13 und mehr Wohnungen;26;-;30;28;35;-;9;-;13;-;-;-;-;-;-
2009 und später;30 - 39;1 Wohnung;-;-;3;-;-;-;-;3;-;-;-;-;-;-;-
2009 und später;30 - 39;2 Wohnungen;3;-;-;-;-;-;6;3;-;-;-;-;-;-;3
2009 und später;30 - 39;3 - 6 Wohnungen;10;-;3;-;-;-;9;-;4;-;-;9;-;-;-
2009 und später;30 - 39;7 - 12 Wohnungen;-;-;6;-;-;-;-;-;18;-;-;-;-;-;-
2009 und später;30 - 39;13 und mehr Wohnungen;-;-;20;-;-;-;-;-;89;3;-;-;63;-;7
2009 und später;40 - 49;1 Wohnung;-;3;-;-;-;-;7;-;-;-;3;6;7;-;-
2009 und später;40 - 49;2 Wohnungen;-;3;-;-;-;-;9;6;9;3;7;-;-;3;-
2009 und später;40 - 49;3 - 6 Wohnungen;9;-;4;9;6;(29);22;12;15;-;6;6;9;-;7
2009 und später;40 - 49;7 - 12 Wohnungen;18;19;10;9;-;3;12;15;19;6;-;18;32;10;6
2009 und später;40 - 49;13 und mehr Wohnungen;-;-;13;25;-;43;18;-;37;6;-;9;47;3;19
2009 und später;50 - 59;1 Wohnung;-;-;6;3;-;3;24;9;-;-;15;13;9;-;8
2009 und später;50 - 59;2 Wohnungen;3;-;-;-;3;6;6;16;11;6;6;7;9;6;12
2009 und später;50 - 59;3 - 6 Wohnungen;-;3;3;3;3;14;35;21;(25);7;3;8;16;4;6
2009 und später;50 - 59;7 - 12 Wohnungen;9;10;89;7;-;36;(101);16;(53);6;16;(17);37;9;15
2009 und später;50 - 59;13 und mehr Wohnungen;15;(46);108;35;-;111;9;56;(108);45;3;24;16;-;(102)
2009 und später;60 - 69;1 Wohnung;-;-;-;6;7;-;28;25;-;3;19;26;13;12;30
2009 und später;60 - 69;2 Wohnungen;3;-;9;4;6;12;10;18;9;6;6;10;6;6;4
2009 und später;60 - 69;3 - 6 Wohnungen;4;12;15;7;-;(15);40;33;44;(12);12;13;13;7;3
2009 und später;60 - 69;7 - 12 Wohnungen;7;(45);140;16;25;(65);24;22;(59);-;33;26;37;3;35
2009 und später;60 - 69;13 und mehr Wohnungen;45;43;39;10;-;31;23;27;157;6;6;15;33;-;26
2009 und später;70 - 79;1 Wohnung;-;29;(6);3;6;34;28;21;-;12;26;(33);3;19;20
2009 und später;70 - 79;2 Wohnungen;6;6;-;4;3;10;19;16;3;3;15;17;3;3;11
2009 und später;70 - 79;3 - 6 Wohnungen;14;(22);13;6;-;32;(18);(22);(51);3;3;13;15;4;12
2009 und später;70 - 79;7 - 12 Wohnungen;3;18;60;19;9;(21);16;18;69;(15);15;-;73;9;34
2009 und später;70 - 79;13 und mehr Wohnungen;6;23;39;4;-;(3);16;(47);(16);-;-;3;6;-;28
2009 und später;80 - 89;1 Wohnung;-;7;3;3;7;13;38;(41);24;(26);26;33;9;14;(9)
2009 und später;80 - 89;2 Wohnungen;-;-;-;-;12;6;32;9;9;-;15;15;30;7;6
2009 und später;80 - 89;3 - 6 Wohnungen;3;6;-;-;4;12;(19);18;47;6;6;13;(38);3;-
2009 und später;80 - 89;7 - 12 Wohnungen;9;-;22;4;7;30;7;(14);61;3;13;9;47;7;9
2009 und später;80 - 89;13 und mehr Wohnungen;13;-;14;-;-;38;-;(9);19;3;3;44;3;3;9
2009 und später;90 - 99;1 Wohnung;(9);12;12;4;(24);(38);42;68;(79);21;70;68;52;7;33
2009 und später;90 - 99;2 Wohnungen;-;-;3;-;10;(34);6;12;(9);10;12;(6);3;-;12
2009 und später;90 - 99;3 - 6 Wohnungen;-;10;-;-;3;15;15;(3);21;9;3;16;19;3;6
2009 und später;90 - 99;7 - 12 Wohnungen;-;9;10;10;12;4;9;6;34;19;3;3;(33);3;3
2009 und später;90 - 99;13 und mehr Wohnungen;7;-;3;-;-;-;3;3;6;3;16;-;-;-;-
2009 und später;100 - 109;1 Wohnung;(9);92;178;26;30;96;(94);99;149;25;104;(89);143;23;234
2009 und später;100 - 109;2 Wohnungen;6;6;-;-;-;9;(6);6;25;-;10;19;-;10;18
2009 und später;100 - 109;3 - 6 Wohnungen;-;-;7;-;-;9;(29);15;18;-;(22);-;3;(6);3
2009 und später;100 - 109;7 - 12 Wohnungen;3;10;-;3;-;3;4;10;3;10;9;-;12;-;-
2009 und später;100 - 109;13 und mehr Wohnungen;13;-;3;-;-;-;-;-;-;6;6;3;-;6;-
2009 und später;110 - 119;1 Wohnung;(112);28;59;6;32;(62);48;(108);(154);24;50;58;89;12;86
2009 und später;110 - 119;2 Wohnungen;-;-;-;-;10;-;8;9;17;-;4;9;11;10;-
2009 und später;110 - 119;3 - 6 Wohnungen;-;-;-;-;-;3;11;10;6;9;16;3;9;-;3
2009 und später;110 - 119;7 - 12 Wohnungen;-;6;3;-;-;-;-;9;3;7;3;-;3;-;-
2009 und später;110 - 119;13 und mehr Wohnungen;-;-;-;-;-;-;-;-;-;-;-;-;6;-;-
2009 und später;120 - 129;1 Wohnung;(34);(91);60;7;44;(100);(100);(97);158;46;153;(99);(163);38;209
2009 und später;120 - 129;2 Wohnungen;-;-;-;-;-;(18);(25);-;4;-;12;25;(12);3;21
2009 und später;120 - 129;3 - 6 Wohnungen;-;-;3;-;-;3;-;6;(17);-;3;4;-;-;9
2009 und später;120 - 129;7 - 12 Wohnungen;-;10;-;-;14;-;-;4;3;-;3;-;-;-;-
2009 und später;120 - 129;13 und mehr Wohnungen;-;-;-;-;-;9;-;-;-;-;-;-;-;3;-
2009 und später;130 - 139;1 Wohnung;39;32;47;4;24;(107);50;85;126;(20);85;(77);(99);(39);217
2009 und später;130 - 139;2 Wohnungen;-;3;7;-;-;-;6;-;9;3;12;10;17;-;12
2009 und später;130 - 139;3 - 6 Wohnungen;6;-;3;-;-;9;6;6;3;-;3;-;3;-;3
2009 und später;130 - 139;7 - 12 Wohnungen;3;-;-;-;-;-;-;-;-;-;-;-;-;-;-
2009 und später;130 - 139;13 und mehr Wohnungen;6;-;-;-;-;-;-;-;-;-;-;-;-;-;-
2009 und später;140 - 149;1 Wohnung;27;(52);42;-;(16);(70);93;53;(127);(37);77;(85);66;33;(105)
2009 und später;140 - 149;2 Wohnungen;-;-;-;-;8;-;3;9;-;-;9;3;-;3;14
2009 und später;140 - 149;3 - 6 Wohnungen;-;-;-;-;-;-;3;4;3;-;-;3;-;-;3
2009 und später;140 - 149;7 - 12 Wohnungen;3;6;4;-;-;-;-;-;-;-;-;-;3;-;-
2009 und später;140 - 149;13 und mehr Wohnungen;13;-;-;-;-;-;-;-;-;-;-;-;-;-;-
2009 und später;150 - 159;1 Wohnung;15;21;12;3;18;(31);56;35;62;33;55;57;(77);23;71
2009 und später;150 - 159;2 Wohnungen;-;-;-;-;3;-;4;3;4;-;-;10;6;-;-
2009 und später;150 - 159;3 - 6 Wohnungen;-;3;-;-;-;-;-;3;-;-;-;3;3;-;10
2009 und später;150 - 159;7 - 12 Wohnungen;-;4;-;-;-;-;-;-;-;-;-;-;-;-;-
2009 und später;150 - 159;13 und mehr Wohnungen;-;-;-;-;-;-;-;-;-;-;-;-;-;-;-
2009 und später;160 - 169;1 Wohnung;6;3;6;11;21;40;31;43;35;18;49;(19);23;12;(40)
2009 und später;160 - 169;2 Wohnungen;-;-;-;-;-;-;6;3;-;-;12;3;-;3;3
2009 und später;160 - 169;3 - 6 Wohnungen;-;-;-;-;-;-;3;-;-;-;-;-;-;-;-
2009 und später;160 - 169;7 - 12 Wohnungen;-;-;-;-;-;-;-;-;3;3;-;-;-;-;-
2009 und später;160 - 169;13 und mehr Wohnungen;3;-;-;-;-;-;-;-;-;-;-;-;-;-;-
2009 und später;170 - 179;1 Wohnung;8;3;-;8;-;23;15;52;29;-;42;17;13;6;28
2009 und später;170 - 179;2 Wohnungen;-;-;-;-;-;-;4;-;-;-;6;-;6;-;-
2009 und später;170 - 179;3 - 6 Wohnungen;-;-;-;-;-;-;3;-;9;3;-;-;-;-;3
2009 und später;170 - 179;7 - 12 Wohnungen;-;-;-;-;-;-;-;-;-;-;-;-;-;-;-
2009 und später;170 - 179;13 und mehr Wohnungen;-;-;-;-;-;-;-;-;-;-;-;-;-;-;-
2009 und später;180 und mehr;1 Wohnung;6;(42);37;23;51;(89);(84);(87);102;43;104;(51);(113);53;104
2009 und später;180 und mehr;2 Wohnungen;4;4;6;-;-;-;12;9;15;6;9;10;3;-;-
2009 und später;180 und mehr;3 - 6 Wohnungen;6;3;-;-;-;-;-;6;6;4;-;3;3;-;-
2009 und später;180 und mehr;7 - 12 Wohnungen;-;-;-;-;-;-;-;-;-;-;-;-;-;3;-
2009 und später;180 und mehr;13 und mehr Wohnungen;-;-;-;-;-;-;-;-;-;-;-;-;-;-;-
;;;;;;;;;;;;;;;;;
Bei den ausgewiesenen Wohnungszahlen sind gewerblich genutzte Wohnungen und Wohnungen in bewohnten Unterkünften nicht, Diplomatenwohnungen/Wohnungen ausländischer Streitkräfte nur bei alleiniger Auswertung nach Art des Gebäudes berücksichtigt.
Die relativen Ergebnisse beziehen sich auf die Gesamtzahl der Wohnungen der jeweiligen regionalen Einheit je betrachtetem Wohnungsmerkmal. Die relativen Werte wurden durch Division von Ergebnissen nach Durchführung der Geheimhaltung errechnet.
;;;;;;;;;;;;;;;;;
;;;;;;;;;;;;;;;;;
© Statistische Ämter des Bundes und der Länder, 2014;;;;;;;;;;;;;;;;;
Vervielfältigung und Verbreitung mit Quellenangabe gestattet.;;;;;;;;;;;;;;;;;
